date,from_regime,to_regime,pre_5d_ret,post_5d_ret,pre_10d_ret,post_10d_ret
2019-08-13,,,0.0,0.0030083809503450576,0.0,0.025679588609482495
2019-08-14,,,0.0,0.0008047492843559212,0.0,0.024787423093143413
2019-08-15,,震荡,0.0,0.006630313476580385,0.0,0.029401578391852534
2019-12-02,震荡,熊市,-0.005884536835210508,0.016539968140607098,-0.0173754018537301,0.050804598584877625
2019-12-23,熊市,强牛,0.011117020679837664,0.037414027480499934,0.03337929156754271,0.0851947001334813
2020-01-03,强牛,弱牛,0.03749524147640193,0.022143033946250723,0.043996549786454175,0.03260715017233873
2020-02-10,弱牛,熊市,-0.017758403525926614,0.030123011648718,-0.013064055513523076,0.0950881414379059
2020-02-18,熊市,震荡,0.036373876460312315,0.07025494367471163,0.08740875688207972,-0.01337936775593096
2020-03-19,震荡,熊市,-0.06836287829823184,0.00011877541051252827,-0.06106188953616831,0.0012342334417067002
2020-06-08,熊市,弱牛,0.008631910810382837,0.01081581357717376,0.008764720333848786,0.0504528406140855
2020-07-08,弱牛,强牛,0.06006565297529898,0.04529860199083291,0.08501006582956305,0.04203549822336128
2020-08-14,强牛,弱牛,-0.05752293003767206,-0.0016403284924577655,-0.007496830341931493,-0.005134722235619282
2020-09-22,弱牛,熊市,0.0,-0.0008611249409239408,-0.011636830049736369,-0.001391961815258136
2020-10-22,熊市,震荡,-0.004694354023818903,-0.01228202507587306,-0.005225190898153098,-0.008361007218031458
2020-11-12,震荡,弱牛,0.005644884087140256,0.011723392217867001,0.005560524989833837,0.025393227735695745
2020-12-10,弱牛,强牛,-0.026536029800850902,0.005187243911468964,0.0038834036302445307,0.004751172559105843
2020-12-17,强牛,震荡,0.0007103473243393887,0.004040825234766454,-0.025825682476511513,0.034461474009252924
2021-01-04,震荡,弱牛,0.03042064877448647,0.041640207232944704,0.02998457742212335,0.027059953230688216
2021-01-11,弱牛,强牛,0.06745876154839092,-0.040398808317702706,0.09787941032287739,-0.060783227817293506
2021-02-08,强牛,弱牛,0.028452840529468615,-0.039346036885654745,-0.006490010772317478,-0.06623017492543781
2021-03-11,弱牛,熊市,-0.01825904027172942,-0.0005870497921772744,-0.030799991521087478,-0.0005870497921772744
2021-06-01,熊市,弱牛,0.044546261075395055,-0.023399060018813866,0.0362492959791344,-0.02956201431265859
2021-06-30,弱牛,震荡,0.0049031039400370124,0.02517517184071605,0.01126825820313715,0.04248034234996412
2021-08-02,震荡,熊市,0.0034683062366317463,-0.003925378514456956,0.04696206916062007,-0.02155383567600133
2021-10-21,熊市,震荡,-0.004133211212475119,-0.0012810254739619165,-0.004612304502469855,0.010687279686767637
2021-11-04,震荡,熊市,-0.015103504475165841,0.021565339516087745,-0.011955663990003584,0.0012040270761993765
2021-11-23,熊市,震荡,0.005706708247835812,-0.018454725243149506,-0.0009475659165074646,-0.036377522480680824
2021-12-02,震荡,熊市,-0.009307041852585574,0.0049978757826008025,-0.004838410667384885,-0.010006888376864032
2022-06-27,熊市,弱牛,0.01722015890957762,0.008333586087371003,0.0299768389144891,-0.022955360745069098
2022-07-26,弱牛,震荡,-0.010966321548934732,0.010228232760818301,-0.019430880911945447,0.00671146854496274
2022-08-09,震荡,熊市,-0.00066971161924545,-0.013960090687514581,0.009271261752898163,-0.020791074492297557
2022-12-13,熊市,弱牛,-0.013141432110096996,-0.031863771199254654,0.03482509869833128,-0.020654897820063245
2023-01-05,弱牛,震荡,-0.0022718375379779943,0.006656110731134257,0.008937035841213414,0.048590136189394784
2023-01-12,震荡,强牛,0.006806280005754006,0.04178385618364078,0.004534442467776012,0.04837971461986035
2023-04-11,强牛,熊市,0.023173662736238554,0.008403942399350273,0.03888176475377059,-0.00557278170508424
2023-08-07,熊市,弱牛,0.012705866148175926,-0.03784389793830467,0.043907816618426354,-0.049540925916596534
2023-08-23,弱牛,熊市,-0.012586902061241356,-0.004336643652708694,-0.04027500606683765,-0.0036913567381070544
2024-03-01,熊市,弱牛,0.006695937778182004,-0.0011993296387436958,0.02261353280397682,-0.0022511607893856977
2024-03-29,弱牛,强牛,-0.0286203158540268,0.029121303159250544,-0.012215748762595569,0.02096105108145896
2024-04-26,强牛,震荡,-0.015734967795366428,0.013046594107559706,-0.009989771143907422,0.014948359750896811
2024-05-13,震荡,弱牛,0.011710088654234951,0.009410449604297044,0.026325247295034604,0.00027394934055635645
2024-05-30,弱牛,震荡,-0.019048300883486413,-0.011415768769666101,-0.004871507505238903,-0.011658612958533987
2024-06-25,震荡,熊市,-0.004614862393236496,-0.004010430301437107,-0.000758521809186008,-0.00410131206261477
2024-10-11,熊市,弱牛,0.13632584907773704,0.027318614916700734,0.1843280376521409,0.029176006322612746
2024-11-14,弱牛,强牛,0.04268763852256452,-0.06392513758495455,0.07437477375804702,-0.08465385287629279
2024-12-11,强牛,震荡,0.009316927625392268,-0.017200859966883697,0.018378860602739744,-0.01758067470252911
2025-01-09,震荡,熊市,-0.014440540376847166,-0.0021790667124643726,-0.024816949850559933,-0.005105182823808563
2025-02-19,熊市,震荡,-0.024085477631135777,0.056195057078843424,0.008815263948477203,0.023720107416626335
2025-03-05,震荡,熊市,-0.024907533423600747,0.017361386050097072,0.018423901116784935,0.018988743389139362
2025-03-28,熊市,震荡,0.00036714880123467353,-0.030346855452658028,0.009045657306236077,-0.0172664142024459
2025-04-14,震荡,熊市,-0.014450913654901476,0.01245827944913791,-0.01864577761028463,0.006672993815978412
2025-07-07,熊市,弱牛,0.01038330231992457,0.019206595197308496,0.034558908858923876,0.04782290908823217
2025-08-01,弱牛,强牛,0.0012317729153964452,0.014169006578536592,0.034927635849658745,0.07514016189925188
2025-10-21,强牛,弱牛,-0.03237002872439121,0.002378986111657211,-0.03923787648931809,-0.008426920984617725
2025-11-21,弱牛,震荡,-0.011266003422984783,-0.020401731964005854,0.00012458254941882796,-0.012879589192580254
2025-12-19,震荡,熊市,0.009695589907756763,0.04420859289843826,0.020560347413918878,0.08470075796509036
2025-12-30,熊市,震荡,0.026219012619615456,0.0426945113639573,0.051216735432995986,0.07705900216253359
2026-01-15,震荡,弱牛,0.04077336612037863,0.019120571164776057,0.07674906058712361,0.055726544324836036
2026-02-06,弱牛,震荡,-0.058213703778416614,0.0010032090663021354,-0.021607730618356635,0.058066599556898524
2026-03-25,震荡,熊市,-0.02444429322103836,0.0007071253842597658,-0.03692248748773441,-0.001449573220764555
2026-04-27,熊市,弱牛,-0.003967514226353441,0.0683858689811615,0.012544002201814064,0.09858136009347707
2026-05-29,弱牛,强牛,0.03058718562256213,-0.0247949972241579,0.04084580500179069,-0.03501726820241424
2026-06-12,强牛,震荡,-0.01691685828167533,0.016180326345742513,-0.0352048515981761,0.016180326345742513
