date,ticker,action,price,shares,amount,commission,pnl_pct,reason
2019-08-15,512400.SH,BUY,0.63629040973111,314300,199986.07577848787,59.995822733546355,0.0,行业买入
2019-08-15,511010.SH,BUY,115.859,1700,196960.3,59.088089999999994,0.0,防御填充
2019-08-22,512010.SH,BUY,0.4315285,464700,200531.29395,60.15938818499999,0.0,行业买入
2019-08-22,512480.SH,BUY,0.5631752,356000,200490.3712,60.14711135999999,0.0,行业买入
2019-08-22,159928.SZ,BUY,0.725,276600,200535.0,60.16049999999999,0.0,行业买入
2019-08-29,511010.SH,SELL,115.564,1700,196458.8,58.937639999999995,-0.0025461983963265843,调出候选列表
2019-08-29,518880.SH,BUY,3.53,53100,187443.0,56.232899999999994,0.0,防御填充
2019-09-12,159928.SZ,SELL,0.739,276600,204407.4,61.322219999999994,0.019310344827586225,调出候选列表
2019-09-12,518880.SH,SELL,3.395,53100,180274.5,54.08235,-0.038243626062322886,调出候选列表
2019-09-12,512000.SH,BUY,0.4875,430300,209771.25,62.931374999999996,0.0,行业买入
2019-09-19,512400.SH,SELL,0.65782639282971,314300,206754.83526637786,62.02645057991335,0.033846153846167425,调出候选列表
2019-09-19,512980.SH,BUY,0.785,263100,206533.5,61.960049999999995,0.0,行业买入
2019-09-26,512000.SH,SELL,0.463,430300,199228.90000000002,59.76867,-0.050256410256410186,调出候选列表
2019-09-26,512980.SH,SELL,0.771,263100,202850.1,60.85503,-0.017834394904458616,调出候选列表
2019-09-26,511010.SH,BUY,115.609,1700,196535.3,58.96058999999999,0.0,防御填充
2019-10-10,512010.SH,SELL,0.448175,464700,208266.9225,62.48007674999999,0.03857566765578637,调出候选列表
2019-10-10,512480.SH,SELL,0.6130768,356000,218255.3408,65.47660223999999,0.08860759493670885,调出候选列表
2019-10-10,512800.SH,BUY,0.54180472706809,374100,202689.14839617247,60.80674451885174,0.0,行业买入
2019-10-17,511010.SH,SELL,115.657,1700,196616.9,58.98506999999999,0.00041519258881230544,调出候选列表
2019-10-24,512010.SH,BUY,0.4653337,437900,203769.62723,61.130888168999995,0.0,行业买入
2019-10-31,512010.SH,SELL,0.4819802,437900,211059.12958,63.317738874,0.035773252614199245,调出候选列表
2019-11-07,159928.SZ,BUY,0.76625,269500,206504.375,61.95131249999999,0.0,行业买入
2019-11-07,512010.SH,BUY,0.4965779,415900,206526.74861,61.958024583,0.0,行业买入
2019-11-07,512480.SH,BUY,0.6151136,335700,206493.63552,61.948090656,0.0,行业买入
2019-11-14,512800.SH,SELL,0.55731344963421,374100,208490.96150815798,62.54728845244739,0.02862419205909031,调出候选列表
2019-11-14,512480.SH,SELL,0.6252976,335700,209912.40432,62.973721295999994,0.01655629139072843,调出候选列表
2019-11-21,512480.SH,BUY,0.6405736,322900,206841.21544,62.05236463199999,0.0,行业买入
2019-11-21,512980.SH,BUY,0.764,270700,206814.80000000002,62.04444,0.0,行业买入
2019-11-21,511010.SH,BUY,115.986,1600,185577.6,55.67328,0.0,防御填充
2019-11-28,159928.SZ,SELL,0.751,269500,202394.5,60.718349999999994,-0.019902120717781385,调出候选列表
2019-11-28,512010.SH,SELL,0.4873583,415900,202692.31697,60.807695091,-0.018566271273852488,调出候选列表
2019-11-28,512480.SH,SELL,0.633954,322900,204703.7466,61.41112398,-0.010333863275039665,调出候选列表
2019-11-28,512980.SH,SELL,0.748,270700,202483.6,60.745079999999994,-0.02094240837696337,调出候选列表
2019-11-28,512400.SH,BUY,0.62454350985915,324900,202914.18635323783,60.874255905971346,0.0,行业买入
2019-12-05,512480.SH,BUY,0.6690888,304000,203402.9952,61.02089856,0.0,行业买入
2019-12-12,512980.SH,BUY,0.777,265900,206604.30000000002,61.98129,0.0,行业买入
2019-12-12,515880.SH,BUY,0.34988924050633,590500,206609.59651898788,61.98287895569636,0.0,行业买入
2019-12-19,511010.SH,SELL,116.043,1600,185668.80000000002,55.70064,0.000491438621902662,调出候选列表
2019-12-19,518880.SH,BUY,3.291,56100,184625.1,55.38753,0.0,防御填充
2019-12-26,515880.SH,SELL,0.35522088607595,590500,209757.93322784847,62.927379968354536,0.015238095238094355,调出候选列表
2019-12-26,512000.SH,BUY,0.4695,459200,215594.4,64.67832,0.0,行业买入
2020-01-16,518880.SH,SELL,3.413,56100,191469.3,57.44078999999999,0.03707079914919474,调出候选列表
2020-01-16,511010.SH,BUY,117.209,1500,175813.5,52.744049999999994,0.0,防御填充
2020-01-23,512400.SH,SELL,0.72243434212548,324900,234718.91775656844,70.41567532697053,0.1567398119122346,调出候选列表
2020-01-23,512000.SH,SELL,0.488,459200,224089.6,67.22688,0.03940362087326947,调出候选列表
2020-01-23,512010.SH,BUY,0.5065658,463900,234995.87462,70.498762386,0.0,行业买入
2020-01-23,512660.SH,BUY,0.796,295200,234979.2,70.49376,0.0,行业买入
2020-02-03,512660.SH,STOP_LOSS,0.711,295200,209887.19999999998,62.96615999999999,-0.10678391959799004,"固定止损: 成本盈亏-10.68%, 高点回撤-10.68%"
2020-02-06,512980.SH,SELL,0.849,265900,225749.1,67.72473,0.0926640926640926,调出候选列表
2020-02-06,512010.SH,SELL,0.5032365,463900,233451.41235,70.035423705,-0.006572295247724935,调出候选列表
2020-02-13,512010.SH,BUY,0.5127122,446500,228925.9973,68.67779918999999,0.0,行业买入
2020-02-13,512980.SH,BUY,0.933,245300,228864.90000000002,68.65947,0.0,行业买入
2020-02-20,511010.SH,SELL,118.454,200,23690.8,7.107239999999999,0.010622051207671682,防御减持让路
2020-02-20,512660.SH,BUY,0.855,277300,237091.5,71.12745,0.0,行业买入
2020-02-27,512010.SH,SELL,0.5016999,446500,224009.00535,67.20270160499999,-0.02147852147852143,调出候选列表
2020-02-27,511010.SH,SELL,118.636,100,11863.6,5.0,0.012174832990640587,防御减持让路
2020-02-27,515880.SH,BUY,0.43652848101266,552400,241138.3329113934,72.34149987341802,0.0,行业买入
2020-03-05,512480.SH,SELL,1.0178908,304000,309438.8032,92.83164096,0.5213089802130897,调出候选列表
2020-03-05,512980.SH,SELL,0.935,245300,229355.5,68.80664999999999,0.002143622722400859,调出候选列表
2020-03-05,512000.SH,BUY,0.5175,451800,233806.49999999997,70.14194999999998,0.0,行业买入
2020-03-05,159928.SZ,BUY,0.77875,300200,233780.75000000003,70.134225,0.0,行业买入
2020-03-12,512660.SH,SELL,0.846,277300,234595.8,70.37874,-0.010526315789473694,调出候选列表
2020-03-13,512000.SH,STOP_LOSS,0.4655,451800,210312.90000000002,63.09387,-0.1004830917874395,"固定止损: 成本盈亏-10.05%, 高点回撤-10.22%"
2020-03-17,159928.SZ,STOP_LOSS,0.7145,300200,214492.9,64.34786999999999,-0.08250401284109153,"固定止损: 成本盈亏-8.25%, 高点回撤-11.76%"
2020-03-18,515880.SH,STOP_LOSS,0.39754082278481,552400,219601.55050632905,65.8804651518987,-0.08931297709924062,"固定止损: 成本盈亏-8.93%, 高点回撤-12.02%"
2020-03-19,511010.SH,SELL,118.975,1200,142770.0,42.830999999999996,0.01506710235562108,调出候选列表
2020-03-26,511010.SH,BUY,119.628,1800,215330.4,64.59912,0.0,防御填充
2020-04-09,159928.SZ,BUY,0.795,275800,219261.0,65.77829999999999,0.0,行业买入
2020-04-09,512010.SH,BUY,0.5188586,422700,219321.53022,65.796459066,0.0,行业买入
2020-04-23,511010.SH,SELL,122.689,100,12268.9,5.0,0.025587655064031774,防御减持让路
2020-04-23,512400.SH,BUY,0.64216385966709,346800,222702.42653254681,66.81072795976404,0.0,行业买入
2020-04-23,512660.SH,BUY,0.814,273600,222710.4,66.81312,0.0,行业买入
2020-04-30,512400.SH,SELL,0.62454350985915,346800,216591.6892191532,64.97750676574596,-0.027439024390246366,调出候选列表
2020-04-30,512660.SH,SELL,0.794,273600,217238.40000000002,65.17152,-0.024570024570024458,调出候选列表
2020-04-30,512800.SH,BUY,0.50228249859313,438800,220401.56038266546,66.12046811479964,0.0,行业买入
2020-05-07,511010.SH,SELL,123.492,100,12349.2,5.0,0.03230013040425322,防御减持让路
2020-05-07,512480.SH,BUY,0.9832652,224800,221038.01695999998,66.31140508799999,0.0,行业买入
2020-05-14,511010.SH,SELL,122.444,1600,195910.4,58.77311999999999,0.023539639549269423,调出候选列表
2020-05-14,518880.SH,BUY,3.772,51700,195012.4,58.503719999999994,0.0,防御填充
2020-05-28,159928.SZ,SELL,0.8335,275800,229879.30000000002,68.96379,0.04842767295597481,调出候选列表
2020-05-28,512800.SH,SELL,0.49077602701182,438800,215352.52065278662,64.60575619583598,-0.022908366533851192,调出候选列表
2020-05-28,512480.SH,SELL,0.939474,224800,211193.7552,63.358126559999995,-0.04453650958052814,调出候选列表
2020-06-04,512400.SH,BUY,0.66272093444302,332700,220487.25488919276,66.14617646675782,0.0,行业买入
2020-06-04,159928.SZ,BUY,0.86075,256100,220438.075,66.1314225,0.0,行业买入
2020-06-04,512980.SH,BUY,0.868,254000,220472.0,66.1416,0.0,行业买入
2020-06-11,518880.SH,SELL,3.844,51700,198734.8,59.62043999999999,0.019088016967126212,调出候选列表
2020-06-18,512400.SH,SELL,0.68034128425096,332700,226349.5452702944,67.9048635810883,0.02658788774003169,调出候选列表
2020-06-18,515880.SH,BUY,0.37521455696203,610500,229068.4870253193,68.72054610759578,0.0,行业买入
2020-07-02,518880.SH,BUY,3.901,48900,190758.9,57.227669999999996,0.0,防御填充
2020-07-30,512980.SH,SELL,1.01,254000,256540.0,76.96199999999999,0.16359447004608296,调出候选列表
2020-07-30,515880.SH,SELL,0.41886740506329,610500,255718.55079113855,76.71556523734156,0.11634103019536497,调出候选列表
2020-07-30,518880.SH,SELL,4.215,2400,10116.0,5.0,0.08049218149192516,防御减持让路
2020-07-30,512400.SH,BUY,0.84577679078105,314500,265996.8007006402,79.79904021019205,0.0,行业买入
2020-07-30,512660.SH,BUY,1.11,239600,265956.0,79.7868,0.0,行业买入
2020-08-13,512010.SH,SELL,0.7262996,422700,307006.84092000005,92.10205227600001,0.39980256663376135,调出候选列表
2020-08-13,159928.SZ,SELL,1.083,256100,277356.3,83.20688999999999,0.2582050537322102,调出候选列表
2020-08-13,518880.SH,SELL,4.068,46500,189161.99999999997,56.74859999999999,0.042809536016406004,调出候选列表
2020-08-13,512400.SH,SELL,0.82130408271447,314500,258300.1340137008,77.49004020411023,-0.02893518518518361,调出候选列表
2020-08-20,512800.SH,BUY,0.546307259426,482500,263593.252673045,79.07797580191348,0.0,行业买入
2020-08-20,159928.SZ,BUY,1.125,234300,263587.5,79.07624999999999,0.0,行业买入
2020-08-20,512400.SH,BUY,0.83696661587708,314900,263560.78733969247,79.06823620190774,0.0,行业买入
2020-08-27,512660.SH,SELL,1.096,239600,262601.60000000003,78.78048,-0.012612612612612623,调出候选列表
2020-08-27,512800.SH,SELL,0.53480078784468,482500,258041.3801350581,77.41241404051742,-0.021062271062276847,调出候选列表
2020-08-27,512400.SH,SELL,0.8124939078105,314900,255854.33156952646,76.75629947085793,-0.029239766081869775,调出候选列表
2020-09-03,512980.SH,BUY,1.043,249900,260645.69999999998,78.19370999999998,0.0,行业买入
2020-09-10,159928.SZ,SELL,1.11225,234300,260600.175,78.18005249999999,-0.011333333333333369,调出候选列表
2020-09-10,512980.SH,SELL,0.981,249900,245151.9,73.54557,-0.059443911792905035,调出候选列表
2020-09-24,511010.SH,BUY,118.549,2100,248952.90000000002,74.68587,0.0,防御填充
2020-10-15,511010.SH,SELL,117.744,2100,247262.4,74.17872,-0.006790441083433911,调出候选列表
2020-10-15,512660.SH,BUY,1.14,221000,251939.99999999997,75.58199999999998,0.0,行业买入
2020-10-15,159928.SZ,BUY,1.15775,217600,251926.40000000002,75.57792,0.0,行业买入
2020-10-15,512010.SH,BUY,0.7311655,344600,251959.6313,75.58788939,0.0,行业买入
2020-10-15,512800.SH,BUY,0.53630163196398,469900,252008.13685987418,75.60244105796225,0.0,行业买入
2020-10-22,512660.SH,SELL,1.084,221000,239564.00000000003,71.8692,-0.049122807017543714,调出候选列表
2020-10-22,511010.SH,BUY,118.186,2100,248190.6,74.45718,0.0,防御填充
2020-10-29,159928.SZ,SELL,1.135,217600,246976.0,74.0928,-0.01965018354567052,调出候选列表
2020-10-29,512010.SH,SELL,0.706836,344600,243575.6856,73.07270568,-0.03327495621716288,调出候选列表
2020-10-29,511010.SH,SELL,118.249,2100,248322.9,74.49686999999999,0.0005330580610223561,调出候选列表
2020-11-05,512800.SH,SELL,0.55981485649972,469900,263057.0010692184,78.91710032076551,0.043843283582100386,调出候选列表
2020-11-05,512480.SH,BUY,1.0677924,233100,248902.40844000003,74.670722532,0.0,行业买入
2020-11-05,511010.SH,BUY,118.507,2100,248864.7,74.65941,0.0,防御填充
2020-11-12,511010.SH,SELL,118.076,2100,247959.59999999998,74.38787999999998,-0.0036369159627702295,调出候选列表
2020-11-12,159928.SZ,BUY,1.16975,214000,250326.5,75.09795,0.0,行业买入
2020-11-12,512400.SH,BUY,0.84381897413572,296600,250276.70772865455,75.08301231859636,0.0,行业买入
2020-11-12,512800.SH,BUY,0.56181598199212,445600,250345.20157568867,75.10356047270659,0.0,行业买入
2020-11-19,512800.SH,SELL,0.56681879572313,445600,252574.45537422673,75.772336612268,0.008904719501340455,调出候选列表
2020-11-26,159928.SZ,SELL,1.14975,214000,246046.5,73.81394999999999,-0.017097670442402235,调出候选列表
2020-11-26,512800.SH,BUY,0.57232189082724,444900,254626.0092290391,76.38780276871172,0.0,行业买入
2020-11-26,512660.SH,BUY,1.081,235500,254575.5,76.37265,0.0,行业买入
2020-12-10,512480.SH,SELL,1.0937616,233100,254955.82895999998,76.48674868799999,0.02432045779685246,调出候选列表
2020-12-10,512400.SH,SELL,0.90646910678617,296600,268858.737072778,80.65762112183339,0.07424593967517644,调出候选列表
2020-12-10,512800.SH,SELL,0.57532357906584,444900,255961.4603263922,76.78843809791765,0.005244755244747407,调出候选列表
2020-12-10,159928.SZ,BUY,1.2,212200,254640.0,76.392,0.0,行业买入
2020-12-17,512660.SH,SELL,1.102,235500,259521.00000000003,77.8563,0.019426456984273942,调出候选列表
2020-12-17,512010.SH,BUY,0.7337265,348700,255850.43055,76.75512916499999,0.0,行业买入
2020-12-17,511010.SH,BUY,118.175,2100,248167.5,74.45025,0.0,防御填充
2020-12-31,511010.SH,SELL,118.636,100,11863.6,5.0,0.0039009942881319953,防御减持让路
2020-12-31,512660.SH,BUY,1.23,211600,260268.0,78.0804,0.0,行业买入
2020-12-31,512400.SH,BUY,0.98086613930858,265300,260223.78675856628,78.06713602756987,0.0,行业买入
2021-01-21,159928.SZ,SELL,1.3025,212200,276390.5,82.91714999999999,0.0854166666666667,调出候选列表
2021-01-21,512010.SH,SELL,0.8003125,348700,279068.96875,83.72069062499999,0.09075043630017457,调出候选列表
2021-01-21,512660.SH,SELL,1.313,211600,277830.8,83.34924,0.06747967479674793,调出候选列表
2021-01-21,512400.SH,SELL,1.0533053551857,265300,279441.9107307662,83.83257321922984,0.07385229540922152,调出候选列表
2021-01-21,512000.SH,BUY,0.591,458400,270914.39999999997,81.27431999999999,0.0,行业买入
2021-01-21,512480.SH,BUY,1.166068,232300,270877.59640000004,81.26327892,0.0,行业买入
2021-01-21,512800.SH,BUY,0.61134383792909,443100,270886.45458637975,81.26593637591392,0.0,行业买入
2021-01-21,515880.SH,BUY,0.3682167721519,735700,270897.07927215286,81.26912378164585,0.0,行业买入
2021-01-28,511010.SH,SELL,118.754,2000,237508.0,71.2524,0.004899513433467381,调出候选列表
2021-01-28,512000.SH,SELL,0.556,458400,254870.40000000002,76.46112,-0.05922165820642965,调出候选列表
2021-01-28,512480.SH,SELL,1.0835776,232300,251715.07648,75.51452294399999,-0.07074235807860277,调出候选列表
2021-01-28,515880.SH,SELL,0.34622373417722,735700,254716.80123418078,76.41504037025423,-0.05972850678732047,调出候选列表
2021-01-28,512010.SH,BUY,0.8120931,319800,259707.37338,77.91221201399999,0.0,行业买入
2021-01-28,512400.SH,BUY,1.0591788051216,245200,259710.6430158163,77.91319290474489,0.0,行业买入
2021-02-04,512010.SH,SELL,0.8264347,319800,264293.81706,79.28814511799999,0.01766004415011032,调出候选列表
2021-02-04,512400.SH,SELL,1.0767991549296,245200,264031.15278873796,79.20934583662138,0.016635859519467226,调出候选列表
2021-02-18,159928.SZ,BUY,1.52875,173400,265085.25,79.52557499999999,0.0,行业买入
2021-02-18,512010.SH,BUY,0.9278503,285800,265179.61574,79.55388472199999,0.0,行业买入
2021-02-23,512010.SH,STOP_LOSS,0.8192639,285800,234145.62262,70.243686786,-0.11703008556444931,"固定止损: 成本盈亏-11.70%, 高点回撤-11.70%"
2021-02-24,159928.SZ,STOP_LOSS,1.4,173400,242759.99999999997,72.82799999999999,-0.08421913327882266,"固定止损: 成本盈亏-8.42%, 高点回撤-8.42%"
2021-02-25,512400.SH,BUY,1.2177619533931,208200,253538.0386964434,76.06141160893301,0.0,行业买入
2021-02-25,511010.SH,BUY,119.095,2100,250099.5,75.02985,0.0,防御填充
2021-02-26,512400.SH,STOP_LOSS,1.1159554878361,208200,232341.932567476,69.70257977024279,-0.08360128617365027,"固定止损: 成本盈亏-8.36%, 高点回撤-8.36%"
2021-03-04,512800.SH,SELL,0.64036015756894,443100,283743.58581879735,85.1230757456392,0.04746317512276241,调出候选列表
2021-03-04,512400.SH,BUY,1.1316180209987,220600,249634.93543231318,74.89048062969395,0.0,行业买入
2021-03-09,512400.SH,STOP_LOSS,1.037642822023,220600,228904.00653827382,68.67120196148214,-0.08304498269898779,"固定止损: 成本盈亏-8.30%, 高点回撤-8.30%"
2021-03-18,511010.SH,SELL,118.947,2100,249788.7,74.93661,-0.0012427054032494742,调出候选列表
2021-04-08,511010.SH,BUY,119.311,2000,238622.0,71.58659999999999,0.0,防御填充
2021-04-15,512480.SH,BUY,0.956,256700,245405.19999999998,73.62155999999999,0.0,行业买入
2021-04-29,511010.SH,SELL,119.722,100,11972.199999999999,5.0,0.003444778771445945,防御减持让路
2021-04-29,159928.SZ,BUY,1.2815,193300,247713.95,74.314185,0.0,行业买入
2021-04-29,512010.SH,BUY,0.8085077,306500,247807.61005000002,74.34228301499999,0.0,行业买入
2021-04-29,512400.SH,BUY,1.0728835216389,230900,247728.80514642203,74.3186415439266,0.0,行业买入
2021-05-13,512480.SH,SELL,0.945,256700,242581.5,72.77444999999999,-0.011506276150627626,调出候选列表
2021-05-13,159928.SZ,SELL,1.2465,193300,240948.44999999998,72.28453499999999,-0.027311744049941585,调出候选列表
2021-05-13,516160.SH,BUY,2.798448,87500,244864.2,73.45926,0.0,行业买入
2021-05-13,512800.SH,BUY,0.62485143500281,392200,245066.7328081021,73.52001984243063,0.0,行业买入
2021-05-27,512800.SH,SELL,0.64786437816545,392200,254092.40911648946,76.22772273494684,0.036829463570866916,调出候选列表
2021-05-27,515230.SH,BUY,1.021,248300,253514.3,76.05429,0.0,行业买入
2021-06-10,511010.SH,SELL,120.184,1900,228349.6,68.50488,0.00731701184299847,调出候选列表
2021-06-10,512010.SH,SELL,0.8310445,306500,254715.13924999998,76.41454177499999,0.027874564459930203,调出候选列表
2021-06-10,512400.SH,SELL,1.1237867544174,230900,259482.36159497767,77.84470847849329,0.04744525547446373,调出候选列表
2021-06-10,512000.SH,BUY,0.5305,481400,255382.69999999998,76.61480999999999,0.0,行业买入
2021-06-10,512480.SH,BUY,1.121,227800,255363.8,76.60914,0.0,行业买入
2021-06-17,516160.SH,SELL,3.1025568,87500,271473.72,81.44211599999998,0.10867052023121382,调出候选列表
2021-06-17,512000.SH,SELL,0.5125,481400,246717.49999999997,74.01524999999998,-0.03393025447690861,调出候选列表
2021-06-17,515880.SH,BUY,0.32756297468354,770400,252354.51569619923,75.70635470885976,0.0,行业买入
2021-06-24,512660.SH,BUY,1.168,225800,263734.39999999997,79.12031999999998,0.0,行业买入
2021-07-01,512660.SH,SELL,1.162,225800,262379.6,78.71387999999999,-0.005136986301369868,调出候选列表
2021-07-01,516160.SH,BUY,3.655776,73200,267602.80319999997,80.28084095999998,0.0,行业买入
2021-07-01,511010.SH,BUY,120.797,1800,217434.6,65.23038,0.0,防御填充
2021-07-08,515230.SH,SELL,1.06,248300,263198.0,78.95939999999999,0.03819784524975529,调出候选列表
2021-07-08,512400.SH,BUY,1.2050361451985,222900,268602.5567647457,80.5807670294237,0.0,行业买入
2021-07-22,512480.SH,SELL,1.377,227800,313680.6,94.10417999999999,0.22836752899197146,调出候选列表
2021-07-22,512660.SH,BUY,1.207,235400,284127.8,85.23834,0.0,行业买入
2021-07-29,515880.SH,SELL,0.33755981012658,770400,260056.0777215172,78.01682331645516,0.030518819938968867,调出候选列表
2021-07-29,516160.SH,SELL,4.0245888,73200,294599.90016,88.379970048,0.10088495575221243,调出候选列表
2021-07-29,512480.SH,BUY,1.445,192300,277873.5,83.36205,0.0,行业买入
2021-08-05,512400.SH,SELL,1.3724294683739,222900,305914.52850054234,91.77435855016269,0.13891145410233813,调出候选列表
2021-08-05,516160.SH,BUY,4.3610496,65100,283904.32896,85.171298688,0.0,行业买入
2021-08-05,515880.SH,BUY,0.35722025316456,795300,284097.2673417746,85.22918020253238,0.0,行业买入
2021-08-12,511010.SH,SELL,121.768,1800,219182.4,65.75471999999999,0.008038279096335204,调出候选列表
2021-08-12,512480.SH,SELL,1.389,192300,267104.7,80.13141,-0.0387543252595156,调出候选列表
2021-08-12,512400.SH,BUY,1.4047334430218,202900,285020.4155891232,85.50612467673696,0.0,行业买入
2021-08-19,516160.SH,SELL,4.1151744,65100,267897.85344,80.36935603199998,-0.05637982195845706,调出候选列表
2021-08-19,515880.SH,SELL,0.34422436708861,795300,273761.6391455715,82.12849174367145,-0.036380597014926935,调出候选列表
2021-08-19,512400.SH,SELL,1.3685138350832,202900,277671.45713838126,83.30143714151437,-0.025783972125477346,调出候选列表
2021-08-19,512000.SH,BUY,0.5535,499700,276583.95,82.975185,0.0,行业买入
2021-08-19,511010.SH,BUY,122.463,2200,269418.6,80.82557999999999,0.0,防御填充
2021-08-26,511010.SH,SELL,122.377,300,36713.1,11.013929999999998,-0.000702252925373366,防御减持让路
2021-08-26,512800.SH,BUY,0.57332245357344,486200,278749.3769274065,83.62481307822195,0.0,行业买入
2021-08-26,512400.SH,BUY,1.4908773754161,186900,278644.9814652691,83.59349443958072,0.0,行业买入
2021-09-02,512660.SH,SELL,1.338,235400,314965.2,94.48956,0.10853355426677713,调出候选列表
2021-09-02,511010.SH,SELL,122.389,1900,232539.1,69.76173,-0.0006042641450887049,调出候选列表
2021-09-02,512800.SH,SELL,0.57782498593134,486200,280938.50815981755,84.28155244794526,0.007853403141349734,调出候选列表
2021-09-02,516160.SH,BUY,4.3448736,64200,278940.88512,83.68226553599999,0.0,行业买入
2021-09-02,518880.SH,BUY,3.689,75600,278888.4,83.66652,0.0,防御填充
2021-09-09,518880.SH,SELL,3.638,75600,275032.8,82.50983999999998,-0.01382488479262677,调出候选列表
2021-09-09,512980.SH,BUY,0.75,378300,283725.0,85.11749999999999,0.0,行业买入
2021-09-23,512400.SH,SELL,1.5270969833547,186900,285414.4261889934,85.624327856698,0.02429415627055921,调出候选列表
2021-09-23,516160.SH,SELL,4.416048,64200,283510.2816,85.05308448,0.016381236038719358,调出候选列表
2021-09-23,512980.SH,SELL,0.713,378300,269727.89999999997,80.91836999999998,-0.049333333333333375,调出候选列表
2021-09-30,512000.SH,SELL,0.5565,499700,278083.05,83.42491499999998,0.005420054200542011,调出候选列表
2021-09-30,511010.SH,BUY,122.535,2200,269577.0,80.8731,0.0,防御填充
2021-10-14,511010.SH,SELL,122.101,2200,268622.2,80.58666,-0.0035418451870893827,调出候选列表
2021-10-14,159928.SZ,BUY,1.175,235400,276595.0,82.9785,0.0,行业买入
2021-10-21,516110.SH,BUY,1.328,207300,275294.4,82.58832,0.0,行业买入
2021-10-28,512800.SH,BUY,0.59133258300506,466400,275797.51671356,82.73925501406798,0.0,行业买入
2021-10-28,516160.SH,BUY,4.7816256,57600,275421.63456,82.62649036799999,0.0,行业买入
2021-10-28,518880.SH,BUY,3.61,73500,265335.0,79.6005,0.0,防御填充
2021-11-04,512800.SH,SELL,0.57732470455824,466400,269264.2422059632,80.77927266178895,-0.023688663282571187,调出候选列表
2021-11-04,518880.SH,SELL,3.581,73500,263203.5,78.96105,-0.008033240997229893,调出候选列表
2021-11-04,512660.SH,BUY,1.345,202600,272497.0,81.7491,0.0,行业买入
2021-11-11,159928.SZ,SELL,1.152,235400,271180.8,81.35423999999999,-0.019574468085106492,调出候选列表
2021-11-11,512480.SH,BUY,1.315,209800,275887.0,82.7661,0.0,行业买入
2021-11-11,511010.SH,BUY,122.563,2000,245126.0,73.53779999999999,0.0,防御填充
2021-11-18,516110.SH,SELL,1.309,207300,271355.7,81.40670999999999,-0.014307228915662747,调出候选列表
2021-11-18,516160.SH,SELL,4.6295712,57600,266663.30112,79.99899033599999,-0.031799729364005394,调出候选列表
2021-11-18,512980.SH,BUY,0.792,344700,273002.4,81.90072,0.0,行业买入
2021-11-18,515230.SH,BUY,1.021,267400,273015.39999999997,81.90461999999998,0.0,行业买入
2021-11-25,515230.SH,SELL,1.001,267400,267667.39999999997,80.30021999999998,-0.01958863858961804,调出候选列表
2021-11-25,159928.SZ,BUY,1.189,230100,273588.9,82.07667,0.0,行业买入
2021-12-02,512980.SH,SELL,0.747,344700,257490.9,77.24726999999999,-0.056818181818181865,调出候选列表
2021-12-02,159928.SZ,SELL,1.163,230100,267606.3,80.28188999999999,-0.021867115222876383,调出候选列表
2021-12-02,511010.SH,SELL,122.824,100,12282.4,5.0,0.0021295170646932243,防御减持让路
2021-12-02,512400.SH,BUY,1.4125647096031,192800,272342.4760114777,81.7027428034433,0.0,行业买入
2021-12-02,515880.SH,BUY,0.3695496835443,737300,272468.9816772124,81.74069450316371,0.0,行业买入
2021-12-09,512660.SH,SELL,1.448,202600,293364.8,88.00943999999998,0.0765799256505576,调出候选列表
2021-12-09,512480.SH,SELL,1.369,209800,287216.2,86.16485999999999,0.04106463878327,调出候选列表
2021-12-09,515880.SH,SELL,0.3678835443038,737300,271240.53721519175,81.37216116455753,-0.004508566275907229,调出候选列表
2021-12-09,512000.SH,BUY,0.56,485700,271992.0,81.5976,0.0,行业买入
2021-12-09,159928.SZ,BUY,1.224,222200,271972.8,81.59183999999999,0.0,行业买入
2021-12-09,512800.SH,BUY,0.58082667416995,468300,272001.1315137876,81.60033945413628,0.0,行业买入
2021-12-16,512400.SH,SELL,1.3616614768246,192800,262528.33273178287,78.75849981953485,-0.036036036036043016,调出候选列表
2021-12-16,512800.SH,SELL,0.57482329769274,468300,269189.75030951016,80.75692509285304,-0.010335917312663681,调出候选列表
2021-12-16,515230.SH,BUY,1.035,260900,270031.5,81.00944999999999,0.0,行业买入
2021-12-16,515880.SH,BUY,0.37554778481013,719100,270056.4120569645,81.01692361708933,0.0,行业买入
2021-12-23,159928.SZ,SELL,1.206,222200,267973.2,80.39196,-0.01470588235294119,调出候选列表
2021-12-23,515230.SH,SELL,1.03,260900,268727.0,80.6181,-0.004830917874396033,调出候选列表
2021-12-23,515880.SH,SELL,0.37554778481013,719100,270056.4120569645,81.01692361708933,0.0,调出候选列表
2021-12-23,512980.SH,BUY,0.838,319900,268076.2,80.42286,0.0,行业买入
2021-12-30,512000.SH,SELL,0.553,485700,268592.10000000003,80.57763,-0.01250000000000001,调出候选列表
2022-01-13,512980.SH,SELL,0.842,319900,269355.8,80.80673999999999,0.004773269689737475,调出候选列表
2022-01-13,512800.SH,BUY,0.58883117613956,455100,267977.0682611138,80.39312047833413,0.0,行业买入
2022-02-10,512800.SH,SELL,0.60433989870568,455100,275035.08790095494,82.51052637028647,0.026338147833470268,调出候选列表
2022-02-17,511010.SH,SELL,124.344,1900,236253.59999999998,70.87607999999999,0.01453130226903708,调出候选列表
2022-02-17,518880.SH,BUY,3.712,72600,269491.2,80.84736,0.0,防御填充
2022-02-24,512400.SH,BUY,1.3597036601793,199000,270581.0283756807,81.1743085127042,0.0,行业买入
2022-03-03,516160.SH,BUY,4.0666464,67000,272465.3088,81.73959264,0.0,行业买入
2022-03-09,516160.SH,STOP_LOSS,3.736656,67000,250355.952,75.1067856,-0.08114558472553694,"固定止损: 成本盈亏-8.11%, 高点回撤-8.11%"
2022-03-10,512400.SH,SELL,1.2510448363636,199000,248957.9224363564,74.68737673090692,-0.07991360691150269,调出候选列表
2022-03-17,518880.SH,SELL,3.83,72600,278058.0,83.41739999999999,0.031788793103448246,调出候选列表
2022-03-31,511010.SH,BUY,124.388,2100,261214.80000000002,78.36444,0.0,防御填充
2022-04-14,512800.SH,BUY,0.59433427124367,441600,262458.01418120466,78.7374042543614,0.0,行业买入
2022-04-21,512800.SH,SELL,0.57232189082724,441600,252737.3469893092,75.82120409679275,-0.037037037037033205,调出候选列表
2022-04-21,159928.SZ,BUY,1.033,252200,260522.59999999998,78.15677999999998,0.0,行业买入
2022-04-28,511010.SH,SELL,124.647,2100,261758.7,78.52761,0.002082194423899414,调出候选列表
2022-04-28,159928.SZ,SELL,1.008,252200,254217.6,76.26527999999999,-0.024201355275895366,调出候选列表
2022-05-12,511010.SH,BUY,124.825,2000,249650.0,74.895,0.0,防御填充
2022-05-19,516110.SH,BUY,0.983,263800,259315.4,77.79462,0.0,行业买入
2022-05-19,516160.SH,BUY,3.3257856,77900,259078.69824,77.72360947199999,0.0,行业买入
2022-05-26,511010.SH,SELL,125.458,100,12545.8,5.0,0.005071099539355061,防御减持让路
2022-05-26,512400.SH,BUY,1.1443438291933,231600,265030.03084116825,79.50900925235047,0.0,行业买入
2022-05-26,512480.SH,BUY,0.926,286200,265021.2,79.50636,0.0,行业买入
2022-06-09,511010.SH,SELL,125.088,1900,237667.19999999998,71.30015999999999,0.002106949729621398,调出候选列表
2022-06-16,512480.SH,SELL,0.947,286200,271031.39999999997,81.30941999999999,0.022678185745140286,调出候选列表
2022-06-16,512000.SH,BUY,0.4845,586800,284304.6,85.29137999999999,0.0,行业买入
2022-07-07,516110.SH,SELL,1.202,263800,317087.6,95.12627999999998,0.2227873855544252,调出候选列表
2022-07-07,512000.SH,SELL,0.452,586800,265233.60000000003,79.57008,-0.06707946336429303,调出候选列表
2022-07-07,159928.SZ,BUY,1.128,258800,291926.39999999997,87.57791999999998,0.0,行业买入
2022-07-07,512010.SH,BUY,0.559,522300,291965.7,87.58971,0.0,行业买入
2022-07-14,516160.SH,SELL,4.2769344,77900,333173.18976,99.95195692799999,0.28599221789883267,调出候选列表
2022-07-14,512400.SH,SELL,1.2334244865557,231600,285661.1110863001,85.69833332589002,0.07784431137728695,调出候选列表
2022-07-14,159928.SZ,SELL,1.114,258800,288303.2,86.49096,-0.012411347517730311,调出候选列表
2022-07-14,512010.SH,SELL,0.53,522300,276819.0,83.0457,-0.05187835420393564,调出候选列表
2022-07-21,515880.SH,BUY,0.3168996835443,893500,283149.86724683206,84.94496017404961,0.0,行业买入
2022-07-21,516110.SH,BUY,1.229,230400,283161.60000000003,84.94848,0.0,行业买入
2022-07-21,511010.SH,BUY,125.265,2200,275583.0,82.6749,0.0,防御填充
2022-07-28,515880.SH,SELL,0.30990189873418,893500,276897.3465189898,83.06920395569693,-0.02208201892742422,调出候选列表
2022-07-28,516110.SH,SELL,1.244,230400,286617.6,85.98527999999999,0.012205044751830676,调出候选列表
2022-08-04,516110.SH,BUY,1.238,228500,282883.0,84.86489999999999,0.0,行业买入
2022-08-11,516110.SH,SELL,1.195,228500,273057.5,81.91725,-0.03473344103392563,调出候选列表
2022-08-11,512480.SH,BUY,1.053,266700,280835.1,84.25052999999998,0.0,行业买入
2022-08-11,512660.SH,BUY,1.249,224900,280900.10000000003,84.27003,0.0,行业买入
2022-08-11,515880.SH,BUY,0.32123164556962,874400,280884.9508860757,84.26548526582269,0.0,行业买入
2022-08-25,512480.SH,STOP_LOSS,0.949,266700,253098.3,75.92948999999999,-0.09876543209876543,"固定止损: 成本盈亏-9.88%, 高点回撤-10.47%"
2022-08-25,512660.SH,SELL,1.173,224900,263807.7,79.14231,-0.06084867894315457,调出候选列表
2022-08-25,515880.SH,SELL,0.30923544303797,874400,270395.47139240097,81.11864141772028,-0.03734439834026265,调出候选列表
2022-09-01,159865.SZ,BUY,0.875,308600,270025.0,81.0075,0.0,行业买入
2022-09-15,511010.SH,SELL,126.638,2200,278603.60000000003,83.58108,0.010960763182054082,调出候选列表
2022-09-15,159865.SZ,SELL,0.86,308600,265396.0,79.6188,-0.017142857142857158,调出候选列表
2022-10-13,518880.SH,BUY,3.814,70500,268887.0,80.66609999999999,0.0,防御填充
2022-10-27,515230.SH,BUY,0.781,344300,268898.3,80.66949,0.0,行业买入
2022-10-27,512660.SH,BUY,1.206,223000,268938.0,80.6814,0.0,行业买入
2022-11-03,515880.SH,BUY,0.28657594936709,943800,270470.3810126596,81.14111430379786,0.0,行业买入
2022-11-10,518880.SH,SELL,3.937,900,3543.2999999999997,5.0,0.03224960671211321,防御减持让路
2022-11-10,512400.SH,BUY,1.133575837644,238800,270697.91002938716,81.20937300881614,0.0,行业买入
2022-11-17,512660.SH,SELL,1.163,223000,259349.0,77.8047,-0.035655058043117686,调出候选列表
2022-11-17,518880.SH,SELL,3.954,3700,14629.800000000001,5.0,0.036706869428421635,防御减持让路
2022-11-17,512000.SH,BUY,0.426,642500,273705.0,82.11149999999999,0.0,行业买入
2022-11-24,515230.SH,SELL,0.804,344300,276817.2,83.04516,0.029449423815621024,调出候选列表
2022-11-24,515880.SH,SELL,0.289575,943800,273300.885,81.99026549999999,0.010465116279064875,调出候选列表
2022-11-24,512400.SH,SELL,1.1061664046095,238800,264152.5374207486,79.24576122622457,-0.02417962003448046,调出候选列表
2022-11-24,512480.SH,BUY,0.88,305800,269104.0,80.73119999999999,0.0,行业买入
2022-11-24,512800.SH,BUY,0.51428925154755,523300,269127.56533483294,80.73826960044987,0.0,行业买入
2022-11-24,512980.SH,BUY,0.576,467200,269107.19999999995,80.73215999999998,0.0,行业买入
2022-12-01,512480.SH,SELL,0.878,305800,268492.4,80.54772,-0.002272727272727275,调出候选列表
2022-12-01,518880.SH,SELL,3.945,200,789.0,5.0,0.03434714210802302,防御减持让路
2022-12-01,159996.SZ,BUY,1.019,270500,275639.5,82.69184999999999,0.0,行业买入
2022-12-08,518880.SH,SELL,3.907,65700,256689.9,77.00697,0.024383848977451487,调出候选列表
2022-12-15,512000.SH,SELL,0.4315,642500,277238.75,83.17162499999999,0.012910798122065739,调出候选列表
2022-12-15,159928.SZ,BUY,1.064,259900,276533.60000000003,82.96008,0.0,行业买入
2022-12-22,512800.SH,SELL,0.52929769274057,523300,276981.4826111403,83.09444478334208,0.029182879377428292,调出候选列表
2022-12-22,512980.SH,SELL,0.577,467200,269574.39999999997,80.87231999999999,0.0017361111111111127,调出候选列表
2022-12-22,159996.SZ,SELL,1.015,270500,274557.5,82.36725,-0.003925417075564283,调出候选列表
2022-12-22,518880.SH,BUY,3.987,67400,268723.8,80.61713999999999,0.0,防御填充
2023-01-05,159928.SZ,SELL,1.027,259900,266917.3,80.07518999999999,-0.034774436090225694,调出候选列表
2023-01-05,512800.SH,BUY,0.55181035453011,488200,269393.8150815997,80.8181445244799,0.0,行业买入
2023-01-05,512010.SH,BUY,0.482,558900,269389.8,80.81693999999999,0.0,行业买入
2023-01-12,518880.SH,SELL,4.013,1300,5216.9,5.0,0.006521193880110308,防御减持让路
2023-01-12,512980.SH,BUY,0.624,434400,271065.6,81.31967999999999,0.0,行业买入
2023-01-12,515230.SH,BUY,0.81,334700,271107.0,81.3321,0.0,行业买入
2023-02-09,518880.SH,SELL,4.01,66100,265061.0,79.5183,0.005768748432405239,调出候选列表
2023-02-09,512800.SH,SELL,0.53880303882949,488200,263043.643556557,78.9130930669671,-0.023572076155939942,调出候选列表
2023-02-09,512010.SH,SELL,0.503,558900,281126.7,84.33801,0.043568464730290496,调出候选列表
2023-02-09,159865.SZ,BUY,0.815,344200,280523.0,84.1569,0.0,行业买入
2023-02-09,512400.SH,BUY,1.1776267121639,238200,280510.682837441,84.15320485123229,0.0,行业买入
2023-02-16,159865.SZ,SELL,0.806,344200,277425.2,83.22756,-0.011042944785275947,调出候选列表
2023-02-16,512400.SH,SELL,1.1609852706786,238200,276546.6914756425,82.96400744269275,-0.014131338320885402,调出候选列表
2023-02-16,159996.SZ,BUY,1.11,256300,284493.0,85.3479,0.0,行业买入
2023-02-16,512480.SH,BUY,0.924,307900,284499.60000000003,85.34988,0.0,行业买入
2023-02-16,511010.SH,BUY,126.424,1700,214920.80000000002,64.47624,0.0,防御填充
2023-02-23,512480.SH,SELL,0.875,307900,269412.5,80.82374999999999,-0.05303030303030307,调出候选列表
2023-02-23,511010.SH,SELL,126.315,1700,214735.5,64.42065,-0.0008621780674556165,调出候选列表
2023-02-23,515880.SH,BUY,0.30856898734177,908300,280273.2112025297,84.0819633607589,0.0,行业买入
2023-03-02,512980.SH,SELL,0.697,434400,302776.8,90.83303999999998,0.11698717948717942,调出候选列表
2023-03-02,515230.SH,SELL,0.948,334700,317295.6,95.18867999999999,0.17037037037037023,调出候选列表
2023-03-09,159996.SZ,SELL,1.102,256300,282442.60000000003,84.73278,-0.007207207207207213,调出候选列表
2023-03-09,512660.SH,BUY,1.163,242600,282143.8,84.64313999999999,0.0,行业买入
2023-03-09,518880.SH,BUY,4.032,69900,281836.8,84.55103999999999,0.0,防御填充
2023-03-16,512660.SH,SELL,1.133,242600,274865.8,82.45973999999998,-0.025795356835769584,调出候选列表
2023-03-16,515230.SH,BUY,0.943,299700,282617.1,84.78512999999998,0.0,行业买入
2023-03-23,518880.SH,SELL,4.259,7600,32368.4,9.710519999999999,0.05629960317460325,防御减持让路
2023-03-23,512980.SH,BUY,0.783,372500,291667.5,87.50025,0.0,行业买入
2023-03-23,512480.SH,BUY,0.933,312600,291655.8,87.49673999999999,0.0,行业买入
2023-04-20,518880.SH,SELL,4.298,62300,267765.4,80.32962,0.06597222222222222,调出候选列表
2023-04-20,515230.SH,SELL,1.076,299700,322477.2,96.74315999999999,0.14103923647932146,调出候选列表
2023-04-20,159996.SZ,BUY,1.127,280500,316123.5,94.83704999999999,0.0,行业买入
2023-04-20,511010.SH,BUY,127.125,2000,254250.0,76.27499999999999,0.0,防御填充
2023-04-27,515880.SH,SELL,0.34589050632911,908300,314172.3468987306,94.25170406961918,0.12095032397407712,调出候选列表
2023-04-27,512480.SH,SELL,0.936,312600,292593.60000000003,87.77808,0.0032154340836012887,调出候选列表
2023-04-27,159996.SZ,SELL,1.097,280500,307708.5,92.31254999999999,-0.02661934338952975,调出候选列表
2023-04-27,512800.SH,BUY,0.54130444569499,564100,305349.8378165439,91.60495134496315,0.0,行业买入
2023-05-04,512980.SH,SELL,0.975,372500,363187.5,108.95625,0.2452107279693486,调出候选列表
2023-05-11,512980.SH,BUY,0.947,331400,313835.8,94.15073999999998,0.0,行业买入
2023-05-17,512980.SH,STOP_LOSS,0.853,331400,282684.2,84.80525999999999,-0.09926082365364305,"固定止损: 成本盈亏-9.93%, 高点回撤-10.59%"
2023-05-18,512000.SH,BUY,0.4535,676600,306838.10000000003,92.05143,0.0,行业买入
2023-05-25,512800.SH,SELL,0.53830275745639,564100,303656.5854811496,91.09697564434488,-0.005545286506461465,调出候选列表
2023-05-25,512000.SH,SELL,0.4295,676600,290599.7,87.17990999999999,-0.05292171995589861,调出候选列表
2023-06-08,515880.SH,BUY,0.37321518987342,806500,300998.05063291325,90.29941518987397,0.0,行业买入
2023-06-15,515230.SH,BUY,1.057,289800,306318.6,91.89557999999998,0.0,行业买入
2023-06-15,516110.SH,BUY,1.005,304800,306323.99999999994,91.89719999999997,0.0,行业买入
2023-06-15,159996.SZ,BUY,1.126,272100,306384.6,91.91537999999998,0.0,行业买入
2023-06-29,515230.SH,SELL,0.988,289800,286322.4,85.89672,-0.06527909176915796,调出候选列表
2023-06-29,512660.SH,BUY,1.093,280400,306477.2,91.94315999999999,0.0,行业买入
2023-07-13,515880.SH,SELL,0.40720443037975,806500,328410.3731012684,98.52311193038051,0.09107142857143041,调出候选列表
2023-07-13,159996.SZ,SELL,1.143,272100,311010.3,93.30308999999998,0.015097690941385548,调出候选列表
2023-07-13,512660.SH,SELL,1.092,280400,306196.80000000005,91.85904000000001,-0.0009149130832569898,调出候选列表
2023-07-13,512400.SH,BUY,1.0484108135723,294200,308442.4613529707,92.5327384058912,0.0,行业买入
2023-07-13,159865.SZ,BUY,0.7,440700,308490.0,92.547,0.0,行业买入
2023-07-20,512400.SH,SELL,1.040579546991,294200,306138.5027247522,91.84155081742564,-0.007469654528472689,调出候选列表
2023-07-20,159697.SZ,BUY,1.007,306500,308645.49999999994,92.59364999999997,0.0,行业买入
2023-07-27,516110.SH,SELL,1.099,304800,334975.2,100.49256,0.09353233830845781,调出候选列表
2023-07-27,159697.SZ,SELL,0.995,306500,304967.5,91.49024999999999,-0.01191658391261162,调出候选列表
2023-07-27,512000.SH,BUY,0.452,682900,308670.8,92.60123999999999,0.0,行业买入
2023-07-27,512800.SH,BUY,0.55931457512662,551900,308685.71401238156,92.60571420371446,0.0,行业买入
2023-07-27,512400.SH,BUY,1.052326446863,293300,308647.3468649179,92.59420405947536,0.0,行业买入
2023-08-03,511010.SH,SELL,129.154,2000,258308.0,77.49239999999999,0.015960668633234976,调出候选列表
2023-08-03,518880.SH,BUY,4.41,65400,288414.0,86.5242,0.0,防御填充
2023-08-10,159865.SZ,SELL,0.702,440700,309371.39999999997,92.81141999999998,0.0028571428571428597,调出候选列表
2023-08-10,518880.SH,SELL,4.395,65400,287433.0,86.22989999999999,-0.0034013605442178158,调出候选列表
2023-08-10,159928.SZ,BUY,0.978,323300,316187.39999999997,94.85621999999998,0.0,行业买入
2023-08-10,511010.SH,BUY,129.35,2100,271635.0,81.4905,0.0,防御填充
2023-08-17,512800.SH,SELL,0.55731344963421,551900,307581.29285312054,92.27438785593615,-0.0035778175313184277,调出候选列表
2023-08-17,512400.SH,SELL,0.99946539743918,293300,293143.20106891147,87.94296032067344,-0.05023255813953894,调出候选列表
2023-08-17,159928.SZ,SELL,0.936,323300,302608.80000000005,90.78264,-0.042944785276073545,调出候选列表
2023-08-24,512000.SH,SELL,0.4705,682900,321304.44999999995,96.39133499999998,0.04092920353982292,调出候选列表
2023-08-31,511010.SH,SELL,129.649,2100,272262.9,81.67887,0.0023115577889447746,调出候选列表
2023-08-31,518880.SH,BUY,4.488,67700,303837.60000000003,91.15128,0.0,防御填充
2023-09-14,159697.SZ,BUY,1.0,305100,305100.0,91.52999999999999,0.0,行业买入
2023-09-21,512800.SH,BUY,0.56431738885763,540600,305069.9804164348,91.52099412493044,0.0,行业买入
2023-09-28,518880.SH,SELL,4.463,67700,302145.1,90.64352999999998,-0.005570409982174767,调出候选列表
2023-10-12,159697.SZ,SELL,0.975,305100,297472.5,89.24175,-0.025000000000000022,调出候选列表
2023-10-12,512800.SH,SELL,0.56431738885763,540600,305069.9804164348,91.52099412493044,0.0,调出候选列表
2023-10-12,512010.SH,BUY,0.439,688300,302163.7,90.64911,0.0,行业买入
2023-10-19,512010.SH,SELL,0.418,688300,287709.39999999997,86.31281999999999,-0.04783599088838273,调出候选列表
2023-10-26,518880.SH,BUY,4.584,65200,298876.8,89.66304,0.0,防御填充
2023-11-09,518880.SH,SELL,4.534,65200,295616.8,88.68503999999999,-0.010907504363001707,调出候选列表
2023-11-09,512980.SH,BUY,0.796,375000,298500.0,89.55,0.0,行业买入
2023-11-09,512010.SH,BUY,0.444,672300,298501.2,89.55036,0.0,行业买入
2023-11-09,512480.SH,BUY,0.88,339200,298496.0,89.54879999999999,0.0,行业买入
2023-11-09,511010.SH,BUY,129.562,2300,297992.60000000003,89.39778,0.0,防御填充
2023-11-16,159865.SZ,BUY,0.658,449200,295573.60000000003,88.67208000000001,0.0,行业买入
2023-11-23,512010.SH,SELL,0.433,672300,291105.9,87.33177,-0.024774774774774796,调出候选列表
2023-11-23,512480.SH,SELL,0.839,339200,284588.8,85.37664,-0.046590909090909134,调出候选列表
2023-11-23,511010.SH,SELL,129.494,2300,297836.2,89.35086,-0.0005248452478351063,调出候选列表
2023-11-23,512660.SH,BUY,0.993,297500,295417.5,88.62525,0.0,行业买入
2023-11-23,515230.SH,BUY,0.8,369200,295360.0,88.60799999999999,0.0,行业买入
2023-11-30,512980.SH,SELL,0.754,375000,282750.0,84.82499999999999,-0.05276381909547743,调出候选列表
2023-11-30,512660.SH,SELL,0.984,297500,292740.0,87.82199999999999,-0.009063444108761337,调出候选列表
2023-11-30,515230.SH,SELL,0.772,369200,285022.4,85.50672,-0.03500000000000003,调出候选列表
2023-12-07,159865.SZ,SELL,0.681,449200,305905.2,91.77156,0.03495440729483286,调出候选列表
2023-12-07,518880.SH,BUY,4.585,63300,290230.5,87.06915,0.0,防御填充
2023-12-14,518880.SH,SELL,4.59,63300,290547.0,87.16409999999999,0.0010905125408941971,调出候选列表
2023-12-14,512980.SH,BUY,0.814,356600,290272.39999999997,87.08171999999998,0.0,行业买入
2023-12-14,511010.SH,BUY,129.895,2200,285769.0,85.7307,0.0,防御填充
2023-12-21,512980.SH,SELL,0.765,356600,272799.0,81.8397,-0.06019656019656012,调出候选列表
2024-01-04,512400.SH,BUY,0.92311054827145,310900,286995.0694575938,86.09852083727813,0.0,行业买入
2024-01-11,512400.SH,SELL,0.90255347349552,310900,280603.87490975717,84.18116247292714,-0.022269353128315714,调出候选列表
2024-01-11,159697.SZ,BUY,0.935,305700,285829.5,85.74884999999999,0.0,行业买入
2024-01-18,159697.SZ,SELL,0.925,305700,282772.5,84.83175,-0.010695187165775409,调出候选列表
2024-01-25,512800.SH,BUY,0.54180472706809,526500,285260.1888013494,85.57805664040481,0.0,行业买入
2024-02-22,511010.SH,SELL,131.609,200,26321.800000000003,7.89654,0.013195273105200342,防御减持让路
2024-02-22,159996.SZ,BUY,1.068,272100,290602.8,87.18083999999999,0.0,行业买入
2024-02-22,159928.SZ,BUY,0.845,343900,290595.5,87.17864999999999,0.0,行业买入
2024-02-22,512000.SH,BUY,0.4245,684600,290612.7,87.18381,0.0,行业买入
2024-03-14,512800.SH,SELL,0.57032076533483,526500,300273.882948788,90.0821648846364,0.052631578947365476,调出候选列表
2024-03-14,512980.SH,BUY,0.759,387900,294416.1,88.32482999999999,0.0,行业买入
2024-03-21,512000.SH,SELL,0.4335,684600,296774.1,89.03222999999998,0.021201413427561856,调出候选列表
2024-03-21,159697.SZ,BUY,1.022,292000,298424.0,89.5272,0.0,行业买入
2024-03-28,159996.SZ,SELL,1.11,272100,302031.0,90.60929999999999,0.03932584269662925,调出候选列表
2024-03-28,159928.SZ,SELL,0.86,343900,295754.0,88.72619999999999,0.017751479289940846,调出候选列表
2024-03-28,512980.SH,SELL,0.721,387900,279675.89999999997,83.90276999999998,-0.05006587615283272,调出候选列表
2024-03-28,159697.SZ,SELL,0.998,292000,291416.0,87.42479999999999,-0.023483365949119393,调出候选列表
2024-03-28,159865.SZ,BUY,0.61,473500,288835.0,86.6505,0.0,行业买入
2024-03-28,512400.SH,BUY,0.97107705608195,297400,288798.316478772,86.63949494363159,0.0,行业买入
2024-03-28,512800.SH,BUY,0.58683005064716,492200,288837.75092853216,86.65132527855964,0.0,行业买入
2024-04-11,159865.SZ,SELL,0.615,473500,291202.5,87.36075,0.008196721311475417,调出候选列表
2024-04-11,159697.SZ,BUY,1.062,278000,295236.0,88.57079999999999,0.0,行业买入
2024-04-11,516110.SH,BUY,1.07,276000,295320.0,88.59599999999999,0.0,行业买入
2024-04-18,512800.SH,SELL,0.60033764772088,492200,295486.1902082172,88.64585706246515,0.023017902813299698,调出候选列表
2024-04-18,516110.SH,SELL,1.083,276000,298908.0,89.6724,0.01214953271028028,调出候选列表
2024-04-25,512400.SH,SELL,1.0180646555698,297400,302772.4285664585,90.83172856993755,0.048387096774207695,调出候选列表
2024-04-25,159697.SZ,SELL,1.05,278000,291900.0,87.57,-0.011299435028248596,调出候选列表
2024-04-25,159996.SZ,BUY,1.159,253300,293574.7,88.07240999999999,0.0,行业买入
2024-04-25,512800.SH,BUY,0.59883680360158,490300,293609.6848058547,88.0829054417564,0.0,行业买入
2024-05-09,159530.SZ,BUY,1.057,282300,298391.1,89.51732999999999,0.0,行业买入
2024-05-09,159865.SZ,BUY,0.645,462700,298441.5,89.53245,0.0,行业买入
2024-05-23,159530.SZ,SELL,1.022,282300,288510.6,86.55317999999998,-0.03311258278145688,调出候选列表
2024-05-23,159928.SZ,BUY,0.902,335300,302440.60000000003,90.73218,0.0,行业买入
2024-05-30,159996.SZ,SELL,1.212,253300,306999.6,92.09987999999998,0.04572907679033644,调出候选列表
2024-05-30,159928.SZ,SELL,0.877,335300,294058.1,88.21742999999998,-0.027716186252771644,调出候选列表
2024-06-06,512800.SH,SELL,0.6168469330332,490300,302440.05126617796,90.73201537985338,0.030075187969914114,调出候选列表
2024-06-06,159865.SZ,SELL,0.641,462700,296590.7,88.97721,-0.006201550387596904,调出候选列表
2024-06-13,512480.SH,BUY,0.734,400600,294040.4,88.21212,0.0,行业买入
2024-06-27,512480.SH,SELL,0.714,400600,286028.39999999997,85.80851999999999,-0.02724795640326978,调出候选列表
2024-07-11,512800.SH,BUY,0.63785875070343,458800,292649.59482273366,87.79487844682009,0.0,行业买入
2024-07-18,516110.SH,BUY,1.088,270300,294086.4,88.22592,0.0,行业买入
2024-07-25,516110.SH,SELL,1.028,270300,277868.4,83.36052,-0.05514705882352946,调出候选列表
2024-08-01,512800.SH,SELL,0.63635790658413,458800,291961.00754079886,87.58830226223965,-0.0023529411764670947,调出候选列表
2024-08-01,512660.SH,BUY,0.918,315400,289537.2,86.86116,0.0,行业买入
2024-08-01,512000.SH,BUY,0.3995,724900,289597.55,86.87926499999999,0.0,行业买入
2024-08-01,516160.SH,BUY,1.7437728,166000,289466.28479999996,86.83988543999997,0.0,行业买入
2024-08-08,516160.SH,SELL,1.7114208,166000,284095.8528,85.22875583999999,-0.018552875695732805,调出候选列表
2024-08-08,512010.SH,BUY,0.335,854600,286291.0,85.8873,0.0,行业买入
2024-08-15,512660.SH,SELL,0.863,315400,272190.2,81.65706,-0.05991285403050114,调出候选列表
2024-08-15,512010.SH,SELL,0.327,854600,279454.2,83.83626,-0.023880597014925394,调出候选列表
2024-08-22,511010.SH,SELL,134.992,2000,269984.0,80.9952,0.039239385657646404,调出候选列表
2024-08-22,512000.SH,SELL,0.386,724900,279811.4,83.94342,-0.033792240300375496,调出候选列表
2024-08-22,512800.SH,BUY,0.65386775464266,430600,281555.4551491294,84.4666365447388,0.0,行业买入
2024-08-22,518880.SH,BUY,5.535,50800,281178.0,84.3534,0.0,防御填充
2024-09-05,512800.SH,SELL,0.6153460889139,430600,264968.02588632534,79.4904077658976,-0.05891354246366255,调出候选列表
2024-09-05,518880.SH,SELL,5.483,50800,278536.39999999997,83.56091999999998,-0.009394760614272898,调出候选列表
2024-09-05,511010.SH,BUY,135.732,2000,271464.0,81.4392,0.0,防御填充
2024-09-12,516110.SH,BUY,1.048,265000,277720.0,83.31599999999999,0.0,行业买入
2024-09-26,159996.SZ,BUY,1.133,246300,279057.9,83.71737,0.0,行业买入
2024-09-26,512000.SH,BUY,0.4195,665400,279135.3,83.74058999999998,0.0,行业买入
2024-09-26,515230.SH,BUY,0.541,516000,279156.0,83.7468,0.0,行业买入
2024-10-10,511010.SH,SELL,135.344,2000,270688.0,81.20639999999999,-0.002858574249255925,调出候选列表
2024-10-10,518880.SH,BUY,5.647,45700,258067.90000000002,77.42037,0.0,防御填充
2024-11-07,516110.SH,SELL,1.239,265000,328335.0,98.50049999999999,0.1822519083969466,调出候选列表
2024-11-07,159996.SZ,SELL,1.318,246300,324623.4,97.38701999999999,0.1632833186231245,调出候选列表
2024-11-07,518880.SH,SELL,5.865,5500,32257.5,9.677249999999999,0.03860456879759164,防御减持让路
2024-11-07,512480.SH,BUY,1.009,346000,349113.99999999994,104.73419999999997,0.0,行业买入
2024-11-07,512660.SH,BUY,1.143,305400,349072.2,104.72166,0.0,行业买入
2024-11-14,518880.SH,SELL,5.724,40200,230104.80000000002,69.03144,0.01363555870373649,调出候选列表
2024-11-14,511010.SH,BUY,136.457,1600,218331.19999999998,65.49936,0.0,防御填充
2024-11-21,512000.SH,SELL,0.5835,665400,388260.9,116.47827,0.3909415971394518,调出候选列表
2024-11-21,515230.SH,SELL,0.83,516000,428280.0,128.48399999999998,0.5341959334565618,调出候选列表
2024-11-21,512480.SH,SELL,1.014,346000,350844.0,105.25319999999999,0.004955401387512504,调出候选列表
2024-11-21,512660.SH,SELL,1.092,305400,333496.80000000005,100.04904,-0.04461942257217842,调出候选列表
2024-11-21,516110.SH,BUY,1.284,269600,346166.4,103.84992,0.0,行业买入
2024-11-21,159530.SZ,BUY,1.195,289700,346191.5,103.85744999999999,0.0,行业买入
2024-11-28,516110.SH,SELL,1.23,269600,331608.0,99.4824,-0.04205607476635518,调出候选列表
2024-11-28,159530.SZ,SELL,1.139,289700,329968.3,98.99049,-0.046861924686192505,调出候选列表
2024-11-28,512980.SH,BUY,0.815,417100,339936.5,101.98094999999999,0.0,行业买入
2024-12-12,159530.SZ,BUY,1.254,275200,345100.8,103.53023999999999,0.0,行业买入
2024-12-12,512800.SH,BUY,0.71440180078784,483200,345198.95014068426,103.55968504220527,0.0,行业买入
2024-12-19,512980.SH,SELL,0.834,417100,347861.39999999997,104.35841999999998,0.023312883435582844,调出候选列表
2024-12-19,159530.SZ,SELL,1.178,275200,324185.6,97.25567999999998,-0.060606060606060656,调出候选列表
2024-12-26,159996.SZ,BUY,1.346,253000,340538.0,102.16139999999999,0.0,行业买入
2024-12-26,512480.SH,BUY,1.043,326500,340539.5,102.16184999999999,0.0,行业买入
2024-12-26,515880.SH,BUY,0.46351993670886,734700,340548.09749999945,102.16442924999983,0.0,行业买入
2025-01-02,159996.SZ,SELL,1.334,253000,337502.0,101.25059999999999,-0.00891530460624072,调出候选列表
2025-01-02,512480.SH,SELL,1.003,326500,327479.49999999994,98.24384999999998,-0.03835091083413235,调出候选列表
2025-01-02,515880.SH,SELL,0.45052405063291,734700,331000.01999999897,99.30000599999968,-0.028037383177571464,调出候选列表
2025-01-02,159697.SZ,BUY,1.049,319800,335470.19999999995,100.64105999999998,0.0,行业买入
2025-01-02,516110.SH,BUY,1.273,263500,335435.5,100.63064999999999,0.0,行业买入
2025-01-09,512800.SH,SELL,0.73841530669668,483200,356802.2761958358,107.04068285875073,0.03361344537815831,调出候选列表
2025-01-09,159697.SZ,SELL,1.033,319800,330353.39999999997,99.10601999999999,-0.015252621544327946,调出候选列表
2025-01-09,516110.SH,SELL,1.218,263500,320943.0,96.2829,-0.04320502749410836,调出候选列表
2025-01-16,511010.SH,SELL,138.553,1600,221684.8,66.50544,0.015360150083909244,调出候选列表
2025-01-16,518880.SH,BUY,6.139,53900,330892.10000000003,99.26763,0.0,防御填充
2025-01-23,159530.SZ,BUY,1.221,271300,331257.30000000005,99.37719,0.0,行业买入
2025-01-23,159996.SZ,BUY,1.35,245400,331290.0,99.38699999999999,0.0,行业买入
2025-01-23,516110.SH,BUY,1.271,260700,331349.69999999995,99.40490999999997,0.0,行业买入
2025-02-06,159996.SZ,SELL,1.331,245400,326627.39999999997,97.98821999999998,-0.014074074074074168,调出候选列表
2025-02-06,516110.SH,SELL,1.273,260700,331871.1,99.56132999999998,0.001573564122738003,调出候选列表
2025-02-06,512400.SH,BUY,1.0240704225352,326400,334256.5859154893,100.27697577464679,0.0,行业买入
2025-02-13,518880.SH,SELL,6.564,4800,31507.2,9.45216,0.06922951620785141,防御减持让路
2025-02-13,512480.SH,BUY,1.095,312300,341968.5,102.59055,0.0,行业买入
2025-02-13,512660.SH,BUY,1.036,330100,341983.60000000003,102.59508,0.0,行业买入
2025-02-20,512400.SH,SELL,1.0181280409731,326400,332316.9925736198,99.69509777208594,-0.005802707930367723,调出候选列表
2025-02-20,512660.SH,SELL,1.016,330100,335381.6,100.61447999999999,-0.019305019305019322,调出候选列表
2025-02-20,518880.SH,SELL,6.61,2800,18508.0,5.5524,0.07672259325623067,防御减持让路
2025-02-20,516110.SH,BUY,1.352,253700,343002.4,102.90071999999999,0.0,行业买入
2025-02-20,159996.SZ,BUY,1.381,248400,343040.4,102.91212,0.0,行业买入
2025-03-06,518880.SH,SELL,6.53,46300,302339.0,90.70169999999999,0.06369115491122333,调出候选列表
2025-03-06,516110.SH,SELL,1.321,253700,335137.7,100.54131,-0.022928994082840336,调出候选列表
2025-03-06,159996.SZ,SELL,1.377,248400,342046.8,102.61403999999999,-0.0028964518464880545,调出候选列表
2025-03-06,516160.SH,BUY,1.973,174800,344880.4,103.46412,0.0,行业买入
2025-03-06,159928.SZ,BUY,0.792,435500,344916.0,103.47479999999999,0.0,行业买入
2025-03-20,159530.SZ,SELL,1.439,271300,390400.7,117.12021,0.17854217854217852,调出候选列表
2025-03-20,512480.SH,SELL,1.103,312300,344466.89999999997,103.34006999999998,0.0073059360730593674,调出候选列表
2025-03-20,512400.SH,BUY,1.1072637644046,313800,347459.3692701635,104.23781078104903,0.0,行业买入
2025-03-20,159865.SZ,BUY,0.575,604400,347530.0,104.25899999999999,0.0,行业买入
2025-03-20,518880.SH,BUY,6.82,45800,312356.0,93.70679999999999,0.0,防御填充
2025-03-27,516160.SH,SELL,1.975,174800,345230.0,103.56899999999999,0.001013684744044603,调出候选列表
2025-03-27,512800.SH,BUY,0.75842656162071,452500,343188.01913337124,102.95640574001136,0.0,行业买入
2025-04-03,159928.SZ,SELL,0.81,435500,352755.0,105.8265,0.022727272727272745,调出候选列表
2025-04-03,512400.SH,SELL,1.0557631241997,313800,331298.4683738659,99.38954051215975,-0.04651162790700813,调出候选列表
2025-04-03,159865.SZ,SELL,0.567,604400,342694.8,102.80843999999999,-0.013913043478260882,调出候选列表
2025-04-03,512800.SH,SELL,0.76142824985931,452500,344546.2830613378,103.36388491840133,0.003957783641155199,调出候选列表
2025-04-03,159697.SZ,BUY,0.99,346700,343233.0,102.9699,0.0,行业买入
2025-04-08,159697.SZ,STOP_LOSS,0.893,346700,309603.1,92.88092999999998,-0.09797979797979796,"固定止损: 成本盈亏-9.80%, 高点回撤-9.80%"
2025-04-17,159865.SZ,BUY,0.591,577300,341184.3,102.35528999999998,0.0,行业买入
2025-04-24,159865.SZ,SELL,0.585,577300,337720.5,101.31615,-0.0101522842639594,调出候选列表
2025-04-24,512800.SH,BUY,0.76543050084412,445000,340616.5728756334,102.18497186269002,0.0,行业买入
2025-05-08,512800.SH,SELL,0.76943275182893,445000,342397.5745638739,102.71927236916216,0.005228758169940049,调出候选列表
2025-05-15,518880.SH,SELL,7.165,45800,328157.0,98.44709999999999,0.05058651026392958,调出候选列表
2025-05-15,512000.SH,BUY,0.5205,646100,336295.05,100.88851499999998,0.0,行业买入
2025-05-15,512800.SH,BUY,0.80945526167698,415400,336247.71570061747,100.87431471018523,0.0,行业买入
2025-05-15,159530.SZ,BUY,1.338,251300,336239.4,100.87182,0.0,行业买入
2025-05-15,159697.SZ,BUY,0.975,344900,336277.5,100.88324999999999,0.0,行业买入
2025-05-29,512000.SH,SELL,0.496,646100,320465.6,96.13967999999998,-0.04707012487992309,调出候选列表
2025-05-29,159530.SZ,SELL,1.248,251300,313622.4,94.08672,-0.06726457399103145,调出候选列表
2025-05-29,512010.SH,BUY,0.367,893400,327877.8,98.36334,0.0,行业买入
2025-06-05,159865.SZ,BUY,0.609,544600,331661.39999999997,99.49841999999998,0.0,行业买入
2025-06-05,518880.SH,BUY,7.499,39200,293960.8,88.18824,0.0,防御填充
2025-06-19,512010.SH,SELL,0.365,893400,326091.0,97.8273,-0.005449591280653956,调出候选列表
2025-06-19,159865.SZ,SELL,0.594,544600,323492.39999999997,97.04771999999998,-0.024630541871921204,调出候选列表
2025-06-19,518880.SH,SELL,7.5,100,750.0,5.0,0.00013335111348184212,防御减持让路
2025-06-19,512000.SH,BUY,0.516,645300,332974.8,99.89244,0.0,行业买入
2025-06-19,512400.SH,BUY,1.0924078104994,304800,332965.9006402171,99.88977019206513,0.0,行业买入
2025-06-26,159697.SZ,SELL,1.002,344900,345589.8,103.67693999999999,0.027692307692307717,调出候选列表
2025-06-26,518880.SH,SELL,7.39,39100,288949.0,86.68469999999999,-0.014535271369515934,调出候选列表
2025-06-26,515880.SH,BUY,0.46218702531646,731000,337858.7155063323,101.35761465189968,0.0,行业买入
2025-06-26,511010.SH,BUY,138.836,2000,277672.0,83.3016,0.0,防御填充
2025-07-17,511010.SH,SELL,138.876,2000,277752.0,83.3256,0.00028810971217834016,调出候选列表
2025-07-24,512800.SH,SELL,0.872,415400,362228.8,108.66863999999998,0.0772676901172322,调出候选列表
2025-07-24,512480.SH,BUY,1.044,344800,359971.2,107.99136,0.0,行业买入
2025-07-24,518880.SH,BUY,7.459,38000,283442.0,85.03259999999999,0.0,防御填充
2025-07-31,518880.SH,SELL,7.329,38000,278502.0,83.55059999999999,-0.01742860973320819,调出候选列表
2025-08-07,518880.SH,BUY,7.471,37200,277921.2,83.37635999999999,0.0,防御填充
2025-08-14,518880.SH,SELL,7.431,37200,276433.2,82.92996,-0.005354035604336773,调出候选列表
2025-08-28,518880.SH,BUY,7.462,37100,276840.2,83.05206,0.0,防御填充
2025-09-04,512000.SH,SELL,0.598,645300,385889.39999999997,115.76681999999998,0.15891472868217046,调出候选列表
2025-09-04,518880.SH,SELL,7.795,6300,49108.5,14.732549999999998,0.044626105601715385,防御减持让路
2025-09-04,516160.SH,BUY,2.335,192400,449254.0,134.7762,0.0,行业买入
2025-09-11,512480.SH,SELL,1.26,344800,434448.0,130.3344,0.2068965517241379,调出候选列表
2025-09-11,518880.SH,SELL,7.963,1100,8759.3,5.0,0.06714017689627451,防御减持让路
2025-09-11,159928.SZ,BUY,0.875,506400,443100.0,132.92999999999998,0.0,行业买入
2025-09-25,512400.SH,SELL,1.529,304800,466039.19999999995,139.81175999999996,0.39966044301807907,调出候选列表
2025-09-25,159928.SZ,SELL,0.846,506400,428414.39999999997,128.52432,-0.033142857142857175,调出候选列表
2025-09-25,518880.SH,SELL,8.16,3400,27744.0,8.3232,0.09354060573572774,防御减持让路
2025-09-25,159530.SZ,BUY,1.686,273200,460615.2,138.18456,0.0,行业买入
2025-09-25,159996.SZ,BUY,1.55,297200,460660.0,138.19799999999998,0.0,行业买入
2025-10-13,159530.SZ,STOP_LOSS,1.547,273200,422640.39999999997,126.79211999999998,-0.08244365361803085,"固定止损: 成本盈亏-8.24%, 高点回撤-8.24%"
2025-10-16,515880.SH,SELL,0.82573860759494,731000,603614.9221519012,181.08447664557033,0.7865897620764144,调出候选列表
2025-10-16,159996.SZ,SELL,1.497,297200,444908.4,133.47252,-0.034193548387096734,调出候选列表
2025-10-16,159697.SZ,BUY,1.082,415100,449138.2,134.74146,0.0,行业买入
2025-10-16,512400.SH,BUY,1.735,258900,449191.5,134.75744999999998,0.0,行业买入
2025-10-16,512480.SH,BUY,1.482,303100,449194.2,134.75825999999998,0.0,行业买入
2025-10-23,516160.SH,SELL,2.65,192400,509860.0,152.958,0.1349036402569593,调出候选列表
2025-10-23,159697.SZ,SELL,1.117,415100,463666.7,139.10001,0.03234750462107201,调出候选列表
2025-10-23,512480.SH,SELL,1.454,303100,440707.39999999997,132.21221999999997,-0.018893387314439965,调出候选列表
2025-10-23,512800.SH,BUY,0.829,530400,439701.6,131.91047999999998,0.0,行业买入
2025-10-30,518880.SH,SELL,8.635,26300,227100.5,68.13015,0.15719646207451088,调出候选列表
2025-10-30,512000.SH,BUY,0.614,719300,441650.2,132.49506,0.0,行业买入
2025-10-30,516160.SH,BUY,2.945,149900,441455.5,132.43665,0.0,行业买入
2025-10-30,511010.SH,BUY,139.403,3000,418209.0,125.46269999999998,0.0,防御填充
2025-11-06,512400.SH,SELL,1.673,258900,433139.7,129.94190999999998,-0.03573487031700291,调出候选列表
2025-11-06,512000.SH,SELL,0.594,719300,427264.19999999995,128.17925999999997,-0.03257328990228016,调出候选列表
2025-11-06,159697.SZ,BUY,1.13,387700,438100.99999999994,131.43029999999996,0.0,行业买入
2025-11-13,159865.SZ,BUY,0.66,666500,439890.0,131.96699999999998,0.0,行业买入
2025-11-20,159865.SZ,SELL,0.652,666500,434558.0,130.36739999999998,-0.012121212121212132,调出候选列表
2025-11-27,512800.SH,SELL,0.837,530400,443944.8,133.18344,0.009650180940892652,调出候选列表
2025-11-27,516160.SH,SELL,2.787,149900,417771.3,125.33138999999998,-0.053650254668930364,调出候选列表
2025-11-27,511010.SH,SELL,139.257,3000,417771.0,125.33129999999998,-0.001047323228337888,调出候选列表
2025-11-27,159697.SZ,SELL,1.123,387700,435387.1,130.61612999999997,-0.006194690265486634,调出候选列表
2025-11-27,518880.SH,BUY,9.003,47800,430343.4,129.10302,0.0,防御填充
2025-12-04,515880.SH,BUY,0.90171455696203,478600,431560.58696202753,129.46817608860826,0.0,行业买入
2025-12-11,512400.SH,BUY,1.781,248700,442934.69999999995,132.88040999999998,0.0,行业买入
2025-12-18,512400.SH,SELL,1.774,248700,441193.8,132.35814,-0.003930376193149857,调出候选列表
2025-12-18,512660.SH,BUY,1.218,361400,440185.2,132.05555999999999,0.0,行业买入
2025-12-25,518880.SH,SELL,9.571,6200,59340.2,17.802059999999997,0.06309008108408304,防御减持让路
2025-12-25,512400.SH,BUY,1.844,245900,453439.60000000003,136.03188,0.0,行业买入
2025-12-25,159697.SZ,BUY,1.156,392300,453498.8,136.04963999999998,0.0,行业买入
2026-01-22,515880.SH,SELL,1.0336727848101,478600,494715.79481011385,148.41473844303414,0.1463414634145987,调出候选列表
2026-01-22,518880.SH,SELL,10.29,500,5145.0,5.0,0.1429523492169276,防御减持让路
2026-01-22,159530.SZ,BUY,1.68,297600,499968.0,149.9904,0.0,行业买入
2026-01-29,159530.SZ,SELL,1.592,297600,473779.2,142.13376,-0.0523809523809523,调出候选列表
2026-01-29,518880.SH,SELL,11.918,5500,65549.0,19.6647,0.3237809619015883,防御减持让路
2026-01-29,512480.SH,BUY,1.763,305400,538420.2,161.52605999999997,0.0,行业买入
2026-02-04,512480.SH,STOP_LOSS,1.616,305400,493526.4,148.05792,-0.08338060124787283,"固定止损: 成本盈亏-8.34%, 高点回撤-8.34%"
2026-02-05,512660.SH,SELL,1.467,361400,530173.8,159.05214,0.2044334975369459,调出候选列表
2026-02-05,512400.SH,SELL,2.198,245900,540488.2,162.14645999999996,0.19197396963123636,调出候选列表
2026-03-12,159865.SZ,BUY,0.658,780000,513240.0,153.97199999999998,0.0,行业买入
2026-03-19,518880.SH,SELL,10.283,35600,366074.8,109.82243999999999,0.14217483061201813,调出候选列表
2026-03-19,159697.SZ,SELL,1.523,392300,597472.8999999999,179.24186999999995,0.3174740484429066,调出候选列表
2026-03-19,512800.SH,BUY,0.799,631400,504488.60000000003,151.34658,0.0,行业买入
2026-03-24,159865.SZ,STOP_LOSS,0.599,780000,467220.0,140.166,-0.08966565349544081,"固定止损: 成本盈亏-8.97%, 高点回撤-9.92%"
2026-03-26,512800.SH,SELL,0.79,631400,498806.0,149.6418,-0.011264080100125166,调出候选列表
2026-04-02,512800.SH,BUY,0.801,618100,495098.10000000003,148.52943,0.0,行业买入
2026-04-02,511010.SH,BUY,140.393,3500,491375.5,147.41264999999999,0.0,防御填充
2026-04-09,512800.SH,SELL,0.793,618100,490153.30000000005,147.04599,-0.009987515605493142,调出候选列表
2026-04-16,512010.SH,BUY,0.377,1310800,494171.6,148.25148,0.0,行业买入
2026-04-16,512480.SH,BUY,1.596,309600,494121.60000000003,148.23648,0.0,行业买入
2026-04-16,515880.SH,BUY,1.216,406400,494182.39999999997,148.25471999999996,0.0,行业买入
2026-04-23,512010.SH,SELL,0.364,1310800,477131.2,143.13935999999998,-0.03448275862068968,调出候选列表
2026-04-23,511010.SH,SELL,140.837,400,56334.799999999996,16.900439999999996,0.0031625508394292337,防御减持让路
2026-04-23,159530.SZ,BUY,1.492,343700,512800.4,153.84011999999998,0.0,行业买入
2026-04-23,512400.SH,BUY,2.178,235400,512701.2,153.81036,0.0,行业买入
2026-04-30,512400.SH,SELL,2.128,235400,500931.2,150.27936,-0.02295684113865924,调出候选列表
2026-04-30,511010.SH,SELL,140.901,100,14090.1,5.0,0.003618414023491269,防御减持让路
2026-04-30,159996.SZ,BUY,1.504,336500,506096.0,151.82879999999997,0.0,行业买入
2026-05-28,159996.SZ,SELL,1.503,336500,505759.49999999994,151.72784999999996,-0.000664893617021351,调出候选列表
2026-06-04,512480.SH,SELL,2.11,309600,653256.0,195.97679999999997,0.32205513784461137,调出候选列表
2026-06-04,159530.SZ,SELL,1.521,343700,522767.69999999995,156.83030999999997,0.019436997319034796,调出候选列表
2026-06-11,511010.SH,SELL,141.278,3000,423834.0,127.15019999999998,0.006303733092105667,调出候选列表
2026-06-11,512800.SH,BUY,0.808,686600,554772.8,166.43184,0.0,行业买入
2026-06-18,515880.SH,SELL,1.743,406400,708355.2000000001,212.50656,0.43338815789473695,调出候选列表
2026-06-18,512800.SH,SELL,0.785,686600,538981.0,161.6943,-0.028465346534653487,调出候选列表
