日期,开盘,收盘,最高,最低,成交量,成交额,振幅,涨跌幅,涨跌额,换手率
2021-03-05,0.998,1.024,1.029,0.985,3222990,328027072.0,4.37,1.69,0.017,4.63
2021-03-08,1.033,1.017,1.055,1.015,1418532,147353652.0,3.91,-0.68,-0.007,2.04
2021-03-09,1.014,1.0,1.022,0.982,893763,90112162.0,3.93,-1.67,-0.017,1.28
2021-03-10,1.003,0.969,1.019,0.967,504122,49656737.0,5.2,-3.1,-0.031,0.72
2021-03-11,0.966,0.995,1.001,0.962,511297,50445107.0,4.02,2.68,0.026,0.73
2021-03-12,0.991,0.973,0.991,0.97,340027,33182609.0,2.11,-2.21,-0.022,0.49
2021-03-15,0.972,0.929,0.972,0.928,558781,52482538.0,4.52,-4.52,-0.044,0.8
2021-03-16,0.925,0.939,0.942,0.925,276991,25880225.0,1.83,1.08,0.01,0.4
2021-03-17,0.939,0.944,0.946,0.93,277561,26053057.0,1.7,0.53,0.005,0.4
2021-03-18,0.944,0.941,0.949,0.937,276710,26083058.0,1.27,-0.32,-0.003,0.4
2021-03-19,0.931,0.922,0.942,0.918,342419,31719869.0,2.55,-2.02,-0.019,0.49
2021-03-22,0.92,0.93,0.931,0.917,135412,12552795.0,1.52,0.87,0.008,0.19
2021-03-23,0.931,0.933,0.94,0.922,282445,26314173.0,1.94,0.32,0.003,0.41
2021-03-24,0.932,0.938,0.94,0.926,205959,19206147.0,1.5,0.54,0.005,0.3
2021-03-25,0.939,0.94,0.95,0.928,223575,20994972.0,2.35,0.21,0.002,0.32
2021-03-26,0.936,0.942,0.948,0.931,231497,21729045.0,1.81,0.21,0.002,0.33
2021-03-29,0.94,0.933,0.94,0.932,246838,23066676.0,0.85,-0.96,-0.009,0.35
2021-03-30,0.932,0.923,0.932,0.922,165404,15304076.0,1.07,-1.07,-0.01,0.24
2021-03-31,0.924,0.929,0.932,0.923,287649,26719426.0,0.98,0.65,0.006,0.41
2021-04-01,0.927,0.929,0.93,0.921,108229,10015579.0,0.97,0.0,0.0,0.16
2021-04-02,0.93,0.937,0.937,0.926,188576,17605156.0,1.18,0.86,0.008,0.27
2021-04-06,0.936,0.952,0.954,0.933,438651,41579000.0,2.24,1.6,0.015,0.63
2021-04-07,0.948,0.95,0.952,0.941,370562,35094479.0,1.16,-0.21,-0.002,0.53
2021-04-08,0.948,0.943,0.955,0.938,496226,47024118.0,1.79,-0.74,-0.007,0.71
2021-04-09,0.939,0.942,0.946,0.936,477361,44936530.0,1.06,-0.11,-0.001,0.69
2021-04-12,0.94,0.917,0.942,0.915,563884,51981383.0,2.87,-2.65,-0.025,0.81
2021-04-13,0.919,0.919,0.927,0.916,312464,28800705.0,1.2,0.22,0.002,0.45
2021-04-14,0.923,0.929,0.93,0.918,248501,22994407.0,1.31,1.09,0.01,0.36
2021-04-15,0.93,0.924,0.93,0.92,336596,31143586.0,1.08,-0.54,-0.005,0.48
2021-04-16,0.926,0.937,0.941,0.925,433506,40645462.0,1.73,1.41,0.013,0.62
2021-04-19,0.937,0.947,0.948,0.932,385555,36383703.0,1.71,1.07,0.01,0.55
2021-04-20,0.947,0.957,0.971,0.942,412845,39680219.0,3.06,1.06,0.01,0.59
2021-04-21,0.955,0.951,0.957,0.951,314831,30012236.0,0.63,-0.63,-0.006,0.45
2021-04-22,0.951,0.956,0.958,0.948,385246,36778706.0,1.05,0.53,0.005,0.55
2021-04-23,0.961,0.957,0.964,0.954,350433,33529683.0,1.05,0.1,0.001,0.5
2021-04-26,0.953,0.943,0.957,0.943,362163,34494170.0,1.46,-1.46,-0.014,0.52
2021-04-27,0.941,0.937,0.951,0.934,295350,27694034.0,1.8,-0.64,-0.006,0.42
2021-04-28,0.936,0.939,0.943,0.929,278444,26137335.0,1.49,0.21,0.002,0.4
2021-04-29,0.95,0.943,0.95,0.934,310209,29225307.0,1.7,0.43,0.004,0.45
2021-04-30,0.942,0.929,0.948,0.922,476058,44152700.0,2.76,-1.48,-0.014,0.68
2021-05-06,0.928,0.917,0.928,0.912,418889,38423287.0,1.72,-1.29,-0.012,0.6
2021-05-07,0.918,0.917,0.921,0.912,306504,28101334.0,0.98,0.0,0.0,0.44
2021-05-10,0.917,0.915,0.923,0.911,319375,29249435.0,1.31,-0.22,-0.002,0.46
2021-05-11,0.915,0.912,0.918,0.9,405344,36828553.0,1.97,-0.33,-0.003,0.58
2021-05-12,0.908,0.934,0.935,0.904,502872,46416566.0,3.4,2.41,0.022,0.72
2021-05-13,0.93,0.935,0.945,0.926,398765,37404503.0,2.03,0.11,0.001,0.57
2021-05-14,0.936,0.939,0.945,0.935,262292,24621062.0,1.07,0.43,0.004,0.38
2021-05-17,0.947,0.939,0.947,0.934,299912,28192394.0,1.38,0.0,0.0,0.43
2021-05-18,0.937,0.941,0.944,0.933,314046,29498345.0,1.17,0.21,0.002,0.45
2021-05-19,0.94,0.939,0.944,0.931,274438,25782463.0,1.38,-0.21,-0.002,0.39
2021-05-20,0.936,0.953,0.957,0.928,460822,43299248.0,3.09,1.49,0.014,0.66
2021-05-21,0.947,0.946,0.962,0.94,340639,32457878.0,2.31,-0.73,-0.007,0.49
2021-05-24,0.945,0.953,0.953,0.939,307043,29146509.0,1.48,0.74,0.007,0.44
2021-05-25,0.955,0.965,0.966,0.952,511485,49190133.0,1.47,1.26,0.012,0.74
2021-05-26,0.963,0.965,0.975,0.96,529598,51224495.0,1.55,0.0,0.0,0.76
2021-05-27,0.966,0.978,0.98,0.963,366679,35786847.0,1.76,1.35,0.013,0.53
2021-05-28,0.978,0.974,0.986,0.967,406432,39492365.0,1.94,-0.41,-0.004,0.58
2021-05-31,0.968,0.977,0.98,0.964,389627,38021845.0,1.64,0.31,0.003,0.56
2021-06-01,0.978,0.978,0.982,0.972,378760,37035333.0,1.02,0.1,0.001,0.54
2021-06-02,0.98,0.97,0.985,0.968,321846,31368706.0,1.74,-0.82,-0.008,0.46
2021-06-03,0.973,0.98,0.995,0.973,336798,33206476.0,2.27,1.03,0.01,0.48
2021-06-04,0.984,0.988,0.992,0.98,345596,34123381.0,1.22,0.82,0.008,0.5
2021-06-07,0.989,1.003,1.004,0.987,444771,44337273.0,1.72,1.52,0.015,0.64
2021-06-08,1.004,1.015,1.017,0.993,711973,71973087.0,2.39,1.2,0.012,1.02
2021-06-09,1.016,1.018,1.02,1.012,489210,49720645.0,0.79,0.3,0.003,0.7
2021-06-10,1.018,1.025,1.027,1.018,472602,48401006.0,0.88,0.69,0.007,0.68
2021-06-11,1.025,1.009,1.028,1.007,400759,40828720.0,2.05,-1.56,-0.016,0.58
2021-06-15,1.007,1.003,1.01,0.997,352345,35401316.0,1.29,-0.59,-0.006,0.51
2021-06-16,1.003,0.985,1.003,0.982,344663,34089578.0,2.09,-1.79,-0.018,0.5
2021-06-17,0.985,0.981,0.988,0.975,318331,31214965.0,1.32,-0.41,-0.004,0.46
2021-06-18,0.977,0.988,0.989,0.969,327035,32088800.0,2.04,0.71,0.007,0.47
2021-06-21,0.983,1.01,1.01,0.982,459835,46123193.0,2.83,2.23,0.022,0.66
2021-06-22,1.01,0.999,1.015,0.994,354993,35495280.0,2.08,-1.09,-0.011,0.51
2021-06-23,0.999,1.007,1.01,0.991,339817,34096117.0,1.9,0.8,0.008,0.49
2021-06-24,1.007,0.991,1.007,0.99,287514,28593480.0,1.69,-1.59,-0.016,0.41
2021-06-25,0.991,0.985,0.993,0.977,304391,29966036.0,1.61,-0.61,-0.006,0.44
2021-06-28,0.985,0.99,0.994,0.981,347683,34391968.0,1.32,0.51,0.005,0.5
2021-06-29,0.99,0.981,0.996,0.979,239814,23657219.0,1.72,-0.91,-0.009,0.34
2021-06-30,0.984,0.975,0.984,0.968,213245,20746503.0,1.63,-0.61,-0.006,0.31
2021-07-01,0.974,0.962,0.978,0.962,239817,23291403.0,1.64,-1.33,-0.013,0.34
2021-07-02,0.962,0.968,0.977,0.961,274904,26639525.0,1.66,0.62,0.006,0.4
2021-07-05,0.961,0.957,0.972,0.952,270151,25992687.0,2.07,-1.14,-0.011,0.39
2021-07-06,0.957,0.959,0.962,0.943,280286,26748056.0,1.99,0.21,0.002,0.4
2021-07-07,0.957,0.96,0.96,0.951,268490,25673226.0,0.94,0.1,0.001,0.39
2021-07-08,0.958,0.944,0.959,0.939,305643,28892007.0,2.08,-1.67,-0.016,0.44
2021-07-09,0.937,0.946,0.954,0.937,236323,22353407.0,1.8,0.21,0.002,0.34
2021-07-12,0.943,0.956,0.958,0.935,264999,25160827.0,2.43,1.06,0.01,0.38
2021-07-13,0.955,0.966,0.976,0.952,294912,28545559.0,2.51,1.05,0.01,0.42
2021-07-14,0.966,0.961,0.972,0.957,309168,29742247.0,1.55,-0.52,-0.005,0.44
2021-07-15,0.96,0.947,0.96,0.935,230531,21747027.0,2.6,-1.46,-0.014,0.33
2021-07-16,0.948,0.959,0.962,0.942,265651,25363999.0,2.11,1.27,0.012,0.38
2021-07-19,0.959,0.948,0.961,0.939,252116,23827327.0,2.29,-1.15,-0.011,0.36
2021-07-20,0.941,0.944,0.945,0.937,178038,16763168.0,0.84,-0.42,-0.004,0.26
2021-07-21,0.946,0.946,0.954,0.944,231079,21919372.0,1.06,0.21,0.002,0.33
2021-07-22,0.945,0.947,0.95,0.939,209318,19790288.0,1.16,0.11,0.001,0.3
2021-07-23,0.947,0.923,0.949,0.922,310683,28833889.0,2.85,-2.53,-0.024,0.45
2021-07-26,0.921,0.874,0.921,0.869,379598,33753161.0,5.63,-5.31,-0.049,0.55
2021-07-27,0.874,0.85,0.884,0.849,193413,16724909.0,4.0,-2.75,-0.024,0.28
2021-07-28,0.85,0.832,0.857,0.826,239823,20054921.0,3.65,-2.12,-0.018,0.34
2021-07-29,0.84,0.847,0.849,0.84,127227,10747128.0,1.08,1.8,0.015,0.18
2021-07-30,0.847,0.85,0.853,0.836,162968,13790911.0,2.01,0.35,0.003,0.23
2021-08-02,0.855,0.867,0.868,0.842,235276,20158841.0,3.06,2.0,0.017,0.34
2021-08-03,0.855,0.846,0.862,0.845,287737,24538060.0,1.96,-2.42,-0.021,0.41
2021-08-04,0.84,0.845,0.847,0.816,354932,29893633.0,3.66,-0.12,-0.001,0.51
2021-08-05,0.845,0.826,0.845,0.824,211778,17569907.0,2.49,-2.25,-0.019,0.3
2021-08-06,0.826,0.818,0.829,0.811,263000,21493098.0,2.18,-0.97,-0.008,0.38
2021-08-09,0.818,0.832,0.833,0.816,204568,16915574.0,2.08,1.71,0.014,0.29
2021-08-10,0.832,0.838,0.838,0.825,160478,13356770.0,1.56,0.72,0.006,0.23
2021-08-11,0.836,0.836,0.847,0.832,216340,18157627.0,1.79,-0.24,-0.002,0.31
2021-08-12,0.837,0.837,0.848,0.835,154556,12976982.0,1.56,0.12,0.001,0.22
2021-08-13,0.838,0.828,0.838,0.823,131542,10891502.0,1.79,-1.08,-0.009,0.19
2021-08-16,0.828,0.828,0.835,0.824,129316,10737988.0,1.33,0.0,0.0,0.19
2021-08-17,0.828,0.814,0.832,0.811,171350,14025615.0,2.54,-1.69,-0.014,0.25
2021-08-18,0.813,0.822,0.822,0.805,126038,10213321.0,2.09,0.98,0.008,0.18
2021-08-19,0.819,0.825,0.831,0.818,136965,11331077.0,1.58,0.36,0.003,0.2
2021-08-20,0.825,0.81,0.825,0.8,97751,7911016.0,3.03,-1.82,-0.015,0.14
2021-08-23,0.805,0.823,0.825,0.805,80182,6567636.0,2.47,1.6,0.013,0.12
2021-08-24,0.818,0.82,0.824,0.817,77944,6388726.0,0.85,-0.36,-0.003,0.11
2021-08-25,0.825,0.84,0.844,0.823,142136,11904178.0,2.56,2.44,0.02,0.2
2021-08-26,0.838,0.825,0.838,0.824,67297,5571719.0,1.67,-1.79,-0.015,0.1
2021-08-27,0.82,0.821,0.825,0.818,44393,3641969.0,0.85,-0.48,-0.004,0.06
2021-08-30,0.815,0.82,0.823,0.814,81645,6680977.0,1.1,-0.12,-0.001,0.12
2021-08-31,0.805,0.811,0.819,0.801,189118,15304879.0,2.2,-1.1,-0.009,0.27
2021-09-01,0.809,0.863,0.865,0.809,486560,41250018.0,6.91,6.41,0.052,0.7
2021-09-02,0.859,0.855,0.869,0.851,219425,18837600.0,2.09,-0.93,-0.008,0.32
2021-09-03,0.855,0.863,0.868,0.853,160001,13758141.0,1.75,0.94,0.008,0.23
2021-09-06,0.865,0.877,0.882,0.856,156746,13688348.0,3.01,1.62,0.014,0.23
2021-09-07,0.876,0.909,0.911,0.87,378434,33945872.0,4.68,3.65,0.032,0.54
2021-09-08,0.909,0.98,0.984,0.909,706504,67425890.0,8.25,7.81,0.071,1.02
2021-09-09,0.952,0.936,0.954,0.925,597520,56245563.0,2.96,-4.49,-0.044,0.86
2021-09-10,0.925,0.924,0.939,0.917,277916,25689199.0,2.35,-1.28,-0.012,0.4
2021-09-13,0.916,0.959,0.972,0.912,652770,62203971.0,6.49,3.79,0.035,0.94
2021-09-14,0.947,0.935,0.962,0.93,246916,23355612.0,3.34,-2.5,-0.024,0.35
2021-09-15,0.926,0.94,0.948,0.925,167224,15720177.0,2.46,0.53,0.005,0.24
2021-09-16,0.94,0.935,0.956,0.93,216294,20406114.0,2.77,-0.53,-0.005,0.31
2021-09-17,0.935,0.923,0.938,0.907,251007,23126498.0,3.32,-1.28,-0.012,0.36
2021-09-22,0.911,0.906,0.918,0.899,147558,13372960.0,2.06,-1.84,-0.017,0.21
2021-09-23,0.907,0.925,0.93,0.907,157138,14523511.0,2.54,2.1,0.019,0.23
2021-09-24,0.925,0.919,0.94,0.919,120148,11178968.0,2.27,-0.65,-0.006,0.17
2021-09-27,0.921,0.901,0.928,0.891,201054,18269898.0,4.03,-1.96,-0.018,0.29
2021-09-28,0.901,0.887,0.903,0.885,137359,12245520.0,2.0,-1.55,-0.014,0.2
2021-09-29,0.886,0.867,0.887,0.865,108150,9473765.0,2.48,-2.25,-0.02,0.16
2021-09-30,0.872,0.891,0.891,0.87,56665,5017346.0,2.42,2.77,0.024,0.08
2021-10-08,0.895,0.906,0.907,0.895,92248,8329973.0,1.35,1.68,0.015,0.13
2021-10-11,0.907,0.931,0.94,0.9,192637,17735527.0,4.42,2.76,0.025,0.28
2021-10-12,0.931,0.907,0.931,0.902,94951,8676511.0,3.11,-2.58,-0.024,0.14
2021-10-13,0.907,0.914,0.917,0.905,60132,5482985.0,1.32,0.77,0.007,0.09
2021-10-14,0.913,0.905,0.915,0.904,52980,4807066.0,1.2,-0.98,-0.009,0.08
2021-10-15,0.912,0.904,0.915,0.901,105427,9583883.0,1.55,-0.11,-0.001,0.15
2021-10-18,0.904,0.891,0.904,0.883,50923,4529324.0,2.32,-1.44,-0.013,0.07
2021-10-19,0.888,0.91,0.914,0.887,91112,8270931.0,3.03,2.13,0.019,0.13
2021-10-20,0.909,0.909,0.914,0.897,89649,8107709.0,1.87,-0.11,-0.001,0.13
2021-10-21,0.907,0.9,0.91,0.896,53897,4857984.0,1.54,-0.99,-0.009,0.08
2021-10-22,0.9,0.916,0.92,0.9,137829,12585501.0,2.22,1.78,0.016,0.2
2021-10-25,0.911,0.908,0.916,0.896,86851,7871722.0,2.18,-0.87,-0.008,0.12
2021-10-26,0.909,0.907,0.915,0.901,45555,4134458.0,1.54,-0.11,-0.001,0.07
2021-10-27,0.907,0.904,0.907,0.892,65670,5897035.0,1.65,-0.33,-0.003,0.09
2021-10-28,0.903,0.895,0.906,0.888,50217,4496761.0,1.99,-1.0,-0.009,0.07
2021-10-29,0.898,0.935,0.943,0.895,288503,26788803.0,5.36,4.47,0.04,0.41
2021-11-01,0.936,0.959,0.977,0.936,376569,36246211.0,4.39,2.57,0.024,0.54
2021-11-02,0.958,0.941,0.965,0.933,208023,19783806.0,3.34,-1.88,-0.018,0.3
2021-11-03,0.942,0.959,0.979,0.941,248548,24006171.0,4.04,1.91,0.018,0.36
2021-11-04,0.967,0.978,0.978,0.959,269234,26086476.0,1.98,1.98,0.019,0.39
2021-11-05,0.977,1.004,1.026,0.967,604346,61046120.0,6.03,2.66,0.026,0.87
2021-11-08,1.008,1.017,1.03,0.996,411954,41854283.0,3.39,1.29,0.013,0.59
2021-11-09,1.018,1.013,1.03,1.005,380538,38804236.0,2.46,-0.39,-0.004,0.55
2021-11-10,1.014,1.023,1.044,1.014,455873,46971406.0,2.96,0.99,0.01,0.66
2021-11-11,1.011,1.053,1.065,1.003,770794,80111706.0,6.06,2.93,0.03,1.11
2021-11-12,1.046,1.052,1.06,1.039,612495,64212623.0,1.99,-0.09,-0.001,0.88
2021-11-15,1.049,1.073,1.083,1.041,552539,58772601.0,3.99,2.0,0.021,0.79
2021-11-16,1.068,1.08,1.098,1.063,365496,39409889.0,3.26,0.65,0.007,0.53
2021-11-17,1.072,1.081,1.093,1.05,533091,57827628.0,3.98,0.09,0.001,0.77
2021-11-18,1.079,1.037,1.081,1.033,527538,55476164.0,4.44,-4.07,-0.044,0.76
2021-11-19,1.03,1.041,1.055,1.025,370139,38683362.0,2.89,0.39,0.004,0.53
2021-11-22,1.039,1.044,1.057,1.031,392888,41022762.0,2.5,0.29,0.003,0.56
2021-11-23,1.033,1.037,1.042,1.015,474627,48815646.0,2.59,-0.67,-0.007,0.68
2021-11-24,1.028,1.045,1.055,1.028,303575,31627719.0,2.6,0.77,0.008,0.44
2021-11-25,1.04,1.017,1.048,1.017,274219,28260374.0,2.97,-2.68,-0.028,0.39
2021-11-26,1.011,1.005,1.019,1.001,180798,18198770.0,1.77,-1.18,-0.012,0.26
2021-11-29,0.998,0.991,1.003,0.986,266942,26517954.0,1.69,-1.39,-0.014,0.38
2021-11-30,0.995,0.995,1.002,0.983,513775,51059617.0,1.92,0.4,0.004,0.74
2021-12-01,0.993,1.009,1.012,0.99,410823,41129546.0,2.21,1.41,0.014,0.59
2021-12-02,1.002,0.986,1.005,0.984,316357,31480635.0,2.08,-2.28,-0.023,0.45
2021-12-03,0.983,0.992,0.996,0.983,252695,25012117.0,1.32,0.61,0.006,0.36
2021-12-06,0.985,0.982,0.995,0.98,335279,33066260.0,1.51,-1.01,-0.01,0.48
2021-12-07,0.982,0.982,0.988,0.973,380901,37380754.0,1.53,0.0,0.0,0.55
2021-12-08,0.982,1.008,1.013,0.976,687016,68631866.0,3.77,2.65,0.026,0.99
2021-12-09,1.005,1.014,1.02,1.003,298413,30162400.0,1.69,0.6,0.006,0.43
2021-12-10,1.01,1.03,1.032,1.004,390679,39951167.0,2.76,1.58,0.016,0.56
2021-12-13,1.034,1.072,1.073,1.034,450305,47743628.0,3.79,4.08,0.042,0.65
2021-12-14,1.068,1.079,1.094,1.062,515619,55696633.0,2.99,0.65,0.007,0.74
2021-12-15,1.073,1.068,1.09,1.064,377892,40633881.0,2.41,-1.02,-0.011,0.54
2021-12-16,1.064,1.073,1.087,1.057,473360,50726833.0,2.81,0.47,0.005,0.68
2021-12-17,1.068,1.079,1.092,1.058,626452,67487413.0,3.17,0.56,0.006,0.9
2021-12-20,1.073,1.038,1.083,1.038,341892,36204062.0,4.17,-3.8,-0.041,0.49
2021-12-21,1.045,1.057,1.066,1.038,377131,39712630.0,2.7,1.83,0.019,0.54
2021-12-22,1.057,1.093,1.104,1.051,461412,49881505.0,5.01,3.41,0.036,0.66
2021-12-23,1.093,1.08,1.1,1.076,317906,34427075.0,2.2,-1.19,-0.013,0.46
2021-12-24,1.08,1.078,1.098,1.068,384542,41650273.0,2.78,-0.19,-0.002,0.55
2021-12-27,1.078,1.052,1.078,1.042,426793,45131822.0,3.34,-2.41,-0.026,0.61
2021-12-28,1.05,1.054,1.073,1.05,426383,45164427.0,2.19,0.19,0.002,0.61
2021-12-29,1.048,1.042,1.056,1.037,485840,50831271.0,1.8,-1.14,-0.012,0.7
2021-12-30,1.038,1.096,1.101,1.038,654262,70662965.0,6.05,5.18,0.054,0.94
2021-12-31,1.099,1.106,1.114,1.089,464620,51278086.0,2.28,0.91,0.01,0.67
2022-01-04,1.108,1.143,1.147,1.108,475531,53731287.0,3.53,3.35,0.037,0.68
2022-01-05,1.143,1.168,1.172,1.136,494714,57109771.0,3.15,2.19,0.025,0.71
2022-01-06,1.149,1.148,1.161,1.134,559260,64165989.0,2.31,-1.71,-0.02,0.8
2022-01-07,1.146,1.115,1.175,1.115,851704,98419658.0,5.23,-2.87,-0.033,1.22
2022-01-10,1.102,1.108,1.119,1.081,711084,78553341.0,3.41,-0.63,-0.007,1.02
2022-01-11,1.107,1.077,1.117,1.073,645262,70860359.0,3.97,-2.8,-0.031,0.93
2022-01-12,1.077,1.087,1.092,1.071,487064,52769157.0,1.95,0.93,0.01,0.7
2022-01-13,1.087,1.069,1.092,1.068,590843,63731038.0,2.21,-1.66,-0.018,0.85
2022-01-14,1.06,1.085,1.093,1.054,631946,68377385.0,3.65,1.5,0.016,0.91
2022-01-17,1.085,1.107,1.109,1.082,637179,70084001.0,2.49,2.03,0.022,0.92
2022-01-18,1.107,1.081,1.112,1.078,675201,73695473.0,3.07,-2.35,-0.026,0.97
2022-01-19,1.089,1.109,1.131,1.089,641072,71484556.0,3.89,2.59,0.028,0.92
2022-01-20,1.102,1.077,1.102,1.07,503296,54454162.0,2.89,-2.89,-0.032,0.72
2022-01-21,1.07,1.043,1.082,1.039,642505,68034842.0,3.99,-3.16,-0.034,0.92
2022-01-24,1.033,1.037,1.05,1.022,653478,67682510.0,2.68,-0.58,-0.006,0.94
2022-01-25,1.029,0.976,1.03,0.974,668529,66844488.0,5.4,-5.88,-0.061,0.96
2022-01-26,0.975,0.968,0.989,0.956,881721,85666787.0,3.38,-0.82,-0.008,1.27
2022-01-27,0.96,0.918,0.962,0.917,671641,62860265.0,4.65,-5.17,-0.05,0.97
2022-01-28,0.919,0.914,0.932,0.912,657787,60796110.0,2.18,-0.44,-0.004,0.95
2022-02-07,0.924,0.914,0.929,0.901,391574,35819448.0,3.06,0.0,0.0,0.56
2022-02-08,0.915,0.927,0.928,0.903,548109,50354704.0,2.74,1.42,0.013,0.79
2022-02-09,0.927,0.954,0.954,0.927,799952,75280586.0,2.91,2.91,0.027,1.15
2022-02-10,0.95,0.964,0.965,0.943,491696,47020963.0,2.31,1.05,0.01,0.71
2022-02-11,0.954,0.939,0.965,0.934,615375,58621287.0,3.22,-2.59,-0.025,0.88
2022-02-14,0.93,0.934,0.944,0.923,298840,27969465.0,2.24,-0.53,-0.005,0.43
2022-02-15,0.944,0.944,0.955,0.936,331122,31295017.0,2.03,1.07,0.01,0.48
2022-02-16,0.952,0.949,0.957,0.943,354226,33623944.0,1.48,0.53,0.005,0.51
2022-02-17,0.948,0.94,0.951,0.937,317475,29989362.0,1.48,-0.95,-0.009,0.46
2022-02-18,0.937,0.948,0.949,0.932,269750,25434606.0,1.81,0.85,0.008,0.39
2022-02-21,0.95,0.954,0.96,0.948,429923,41088373.0,1.27,0.63,0.006,0.62
2022-02-22,0.941,0.906,0.942,0.902,652396,59473134.0,4.19,-5.03,-0.048,0.94
2022-02-23,0.908,0.922,0.924,0.908,421407,38747731.0,1.77,1.77,0.016,0.61
2022-02-24,0.918,0.876,0.918,0.857,1089806,96568579.0,6.62,-4.99,-0.046,1.57
2022-02-25,0.88,0.886,0.895,0.88,260826,23197574.0,1.71,1.14,0.01,0.37
2022-02-28,0.882,0.884,0.888,0.864,732748,64059125.0,2.71,-0.23,-0.002,1.05
2022-03-01,0.884,0.893,0.893,0.883,327355,29058731.0,1.13,1.02,0.009,0.47
2022-03-02,0.888,0.896,0.896,0.885,405558,36162470.0,1.23,0.34,0.003,0.58
2022-03-03,0.897,0.886,0.898,0.885,347364,30877544.0,1.45,-1.12,-0.01,0.5
2022-03-04,0.879,0.892,0.899,0.878,385086,34112029.0,2.37,0.68,0.006,0.55
2022-03-07,0.883,0.869,0.885,0.866,436585,38149347.0,2.13,-2.58,-0.023,0.63
2022-03-08,0.867,0.84,0.874,0.839,490179,41895556.0,4.03,-3.34,-0.029,0.7
2022-03-09,0.839,0.833,0.842,0.79,439854,36165576.0,6.19,-0.83,-0.007,0.63
2022-03-10,0.845,0.837,0.852,0.837,373529,31509895.0,1.8,0.48,0.004,0.54
2022-03-11,0.825,0.861,0.862,0.821,458623,38739939.0,4.9,2.87,0.024,0.66
2022-03-14,0.851,0.84,0.862,0.839,481091,40879439.0,2.67,-2.44,-0.021,0.69
2022-03-15,0.835,0.788,0.835,0.787,491865,40183763.0,5.71,-6.19,-0.052,0.71
2022-03-16,0.8,0.817,0.819,0.774,669902,53140475.0,5.71,3.68,0.029,0.96
2022-03-17,0.833,0.869,0.873,0.833,644465,55648279.0,4.9,6.36,0.052,0.93
2022-03-18,0.859,0.868,0.87,0.852,549997,47320942.0,2.07,-0.12,-0.001,0.79
2022-03-21,0.87,0.869,0.884,0.859,449599,39099104.0,2.88,0.12,0.001,0.65
2022-03-22,0.861,0.876,0.882,0.855,458578,39776272.0,3.11,0.81,0.007,0.66
2022-03-23,0.88,0.887,0.893,0.872,545973,48311924.0,2.4,1.26,0.011,0.78
2022-03-24,0.883,0.868,0.883,0.864,507856,44233047.0,2.14,-2.14,-0.019,0.73
2022-03-25,0.864,0.869,0.883,0.864,671871,58659500.0,2.19,0.12,0.001,0.97
2022-03-28,0.87,0.883,0.887,0.863,458065,40303466.0,2.76,1.61,0.014,0.66
2022-03-29,0.885,0.87,0.887,0.867,440614,38519886.0,2.27,-1.47,-0.013,0.63
2022-03-30,0.869,0.883,0.885,0.868,382076,33579308.0,1.95,1.49,0.013,0.55
2022-03-31,0.88,0.881,0.892,0.874,386415,34181596.0,2.04,-0.23,-0.002,0.56
2022-04-01,0.874,0.915,0.919,0.868,1467195,132821976.0,5.79,3.86,0.034,2.11
2022-04-06,0.915,0.92,0.93,0.912,657212,60575810.0,1.97,0.55,0.005,0.94
2022-04-07,0.91,0.899,0.924,0.898,549281,50066152.0,2.83,-2.28,-0.021,0.79
2022-04-08,0.897,0.871,0.898,0.867,414967,36364359.0,3.45,-3.11,-0.028,0.6
2022-04-11,0.866,0.847,0.867,0.835,913577,77189281.0,3.67,-2.76,-0.024,1.31
2022-04-12,0.9,0.865,0.9,0.849,1994502,173311325.0,6.02,2.13,0.018,2.87
2022-04-13,0.849,0.825,0.852,0.824,768184,64443815.0,3.24,-4.62,-0.04,1.1
2022-04-14,0.826,0.827,0.84,0.82,744874,61953491.0,2.42,0.24,0.002,1.07
2022-04-15,0.823,0.809,0.823,0.806,753272,61193098.0,2.06,-2.18,-0.018,1.08
2022-04-18,0.805,0.798,0.805,0.784,504600,40029230.0,2.6,-1.36,-0.011,0.73
2022-04-19,0.798,0.806,0.809,0.794,659744,52804196.0,1.88,1.0,0.008,0.95
2022-04-20,0.806,0.807,0.822,0.802,704887,57272937.0,2.48,0.12,0.001,1.01
2022-04-21,0.8,0.778,0.808,0.774,1213726,95996171.0,4.21,-3.59,-0.029,1.74
2022-04-22,0.771,0.766,0.776,0.758,620585,47673042.0,2.31,-1.54,-0.012,0.89
2022-04-25,0.748,0.701,0.75,0.699,1197527,86638751.0,6.66,-8.49,-0.065,1.72
2022-04-26,0.705,0.705,0.733,0.699,817353,58645898.0,4.85,0.57,0.004,1.17
2022-04-27,0.691,0.724,0.724,0.684,770116,53956984.0,5.67,2.7,0.019,1.11
2022-04-28,0.72,0.711,0.72,0.701,802482,57071792.0,2.62,-1.8,-0.013,1.15
2022-04-29,0.714,0.758,0.779,0.714,1149024,85121460.0,9.14,6.61,0.047,1.65
2022-05-05,0.753,0.758,0.763,0.744,650549,49072623.0,2.51,0.0,0.0,0.94
2022-05-06,0.737,0.74,0.749,0.732,719386,53322675.0,2.24,-2.37,-0.018,1.03
2022-05-09,0.74,0.748,0.755,0.736,626401,46794807.0,2.57,1.08,0.008,0.9
2022-05-10,0.734,0.751,0.751,0.728,564582,41823621.0,3.07,0.4,0.003,0.81
2022-05-11,0.751,0.751,0.77,0.748,671016,51006624.0,2.93,0.0,0.0,0.96
2022-05-12,0.742,0.75,0.753,0.737,676116,50426472.0,2.13,-0.13,-0.001,0.97
2022-05-13,0.753,0.754,0.762,0.748,447018,33697904.0,1.87,0.53,0.004,0.64
2022-05-16,0.752,0.765,0.767,0.752,630391,47950405.0,1.99,1.46,0.011,0.91
2022-05-17,0.766,0.763,0.768,0.752,535431,40658677.0,2.09,-0.26,-0.002,0.77
2022-05-18,0.763,0.757,0.775,0.754,578262,44207973.0,2.75,-0.79,-0.006,0.83
2022-05-19,0.745,0.756,0.756,0.74,760737,56879960.0,2.11,-0.13,-0.001,1.09
2022-05-20,0.759,0.767,0.767,0.756,571318,43470313.0,1.46,1.46,0.011,0.82
2022-05-23,0.771,0.776,0.785,0.77,635471,49353775.0,1.96,1.17,0.009,0.91
2022-05-24,0.775,0.746,0.775,0.745,663411,50798234.0,3.87,-3.87,-0.03,0.95
2022-05-25,0.745,0.767,0.767,0.741,641837,48245369.0,3.49,2.82,0.021,0.92
2022-05-26,0.768,0.772,0.773,0.756,513539,39304511.0,2.22,0.65,0.005,0.74
2022-05-27,0.773,0.767,0.778,0.76,614374,47450964.0,2.33,-0.65,-0.005,0.88
2022-05-30,0.768,0.765,0.768,0.756,526952,40075227.0,1.56,-0.26,-0.002,0.76
2022-05-31,0.76,0.778,0.78,0.756,613770,47191942.0,3.14,1.7,0.013,0.88
2022-06-01,0.779,0.778,0.787,0.772,511007,39853885.0,1.93,0.0,0.0,0.73
2022-06-02,0.778,0.781,0.781,0.767,464722,35863095.0,1.8,0.39,0.003,0.67
2022-06-06,0.779,0.795,0.795,0.778,598162,47091132.0,2.18,1.79,0.014,0.86
2022-06-07,0.796,0.798,0.806,0.789,571868,45675705.0,2.14,0.38,0.003,0.82
2022-06-08,0.82,0.803,0.82,0.789,1053569,84798847.0,3.88,0.63,0.005,1.51
2022-06-09,0.793,0.796,0.807,0.791,629071,50180128.0,1.99,-0.87,-0.007,0.9
2022-06-10,0.786,0.799,0.801,0.784,505168,40044646.0,2.14,0.38,0.003,0.73
2022-06-13,0.794,0.79,0.795,0.782,534573,42154749.0,1.63,-1.13,-0.009,0.77
2022-06-14,0.78,0.783,0.785,0.759,555442,42944977.0,3.29,-0.89,-0.007,0.8
2022-06-15,0.783,0.79,0.802,0.782,585692,46339346.0,2.55,0.89,0.007,0.84
2022-06-16,0.79,0.825,0.829,0.79,1068881,87470448.0,4.94,4.43,0.035,1.54
2022-06-17,0.825,0.812,0.825,0.799,618982,50172227.0,3.15,-1.58,-0.013,0.89
2022-06-20,0.809,0.82,0.82,0.806,1402848,114085303.0,1.72,0.99,0.008,2.02
2022-06-21,0.822,0.83,0.832,0.811,969091,79441685.0,2.56,1.22,0.01,1.39
2022-06-22,0.827,0.801,0.83,0.8,649208,52831422.0,3.61,-3.49,-0.029,0.93
2022-06-23,0.799,0.809,0.809,0.792,553956,44326243.0,2.12,1.0,0.008,0.8
2022-06-24,0.806,0.811,0.817,0.806,482038,39094587.0,1.36,0.25,0.002,0.69
2022-06-27,0.813,0.816,0.828,0.811,1019536,83925962.0,2.1,0.62,0.005,1.47
2022-06-28,0.811,0.825,0.825,0.807,506734,41346633.0,2.21,1.1,0.009,0.73
2022-06-29,0.82,0.809,0.828,0.808,628021,51465385.0,2.42,-1.94,-0.016,0.9
2022-06-30,0.809,0.82,0.824,0.808,701251,57418750.0,1.98,1.36,0.011,1.01
2022-07-01,0.821,0.812,0.821,0.806,508592,41257459.0,1.83,-0.98,-0.008,0.73
2022-07-04,0.81,0.809,0.81,0.801,507887,40948781.0,1.11,-0.37,-0.003,0.73
2022-07-05,0.81,0.796,0.814,0.787,612207,48766688.0,3.34,-1.61,-0.013,0.88
2022-07-06,0.793,0.783,0.795,0.776,554766,43596414.0,2.39,-1.63,-0.013,0.8
2022-07-07,0.782,0.779,0.784,0.773,436588,33996845.0,1.4,-0.51,-0.004,0.63
2022-07-08,0.779,0.783,0.794,0.779,623769,49078871.0,1.93,0.51,0.004,0.9
2022-07-11,0.78,0.776,0.782,0.771,479988,37230526.0,1.4,-0.89,-0.007,0.69
2022-07-12,0.782,0.765,0.782,0.765,453491,34911214.073,2.19,-1.42,-0.011,0.65
2022-07-13,0.772,0.778,0.788,0.771,565202,44068037.036,2.22,1.7,0.013,0.81
2022-07-14,0.771,0.776,0.78,0.769,437662,33912176.95,1.41,-0.26,-0.002,0.63
2022-07-15,0.777,0.756,0.777,0.755,489338,37399055.5,2.84,-2.58,-0.02,0.7
2022-07-18,0.756,0.777,0.778,0.756,549339,42327155.75,2.91,2.78,0.021,0.79
2022-07-19,0.779,0.796,0.796,0.776,615570,48390445.97,2.57,2.45,0.019,0.88
2022-07-20,0.8,0.805,0.805,0.794,666661,53304365.584,1.38,1.13,0.009,0.96
2022-07-21,0.805,0.818,0.827,0.802,1430818,117099330.957,3.11,1.61,0.013,2.06
2022-07-22,0.815,0.806,0.819,0.797,647845,52482755.599,2.69,-1.47,-0.012,0.93
2022-07-25,0.804,0.788,0.809,0.787,977599,77557319.374,2.73,-2.23,-0.018,1.41
2022-07-26,0.792,0.803,0.803,0.791,502180,40077723.164,1.52,1.9,0.015,0.72
2022-07-27,0.799,0.798,0.803,0.795,427945,34166857.303,1.0,-0.62,-0.005,0.62
2022-07-28,0.799,0.795,0.804,0.793,656520,52511087.614,1.38,-0.38,-0.003,0.94
2022-07-29,0.793,0.79,0.804,0.786,681444,54108836.951,2.26,-0.63,-0.005,0.98
2022-08-01,0.784,0.793,0.795,0.776,661095,52076295.5,2.41,0.38,0.003,0.95
2022-08-02,0.788,0.76,0.788,0.753,764911,58542309.05,4.41,-4.16,-0.033,1.1
2022-08-03,0.762,0.755,0.774,0.751,562211,43022492.299,3.03,-0.66,-0.005,0.81
2022-08-04,0.759,0.765,0.765,0.751,487813,36987893.122,1.85,1.32,0.01,0.7
2022-08-05,0.764,0.79,0.79,0.764,604391,47152613.385,3.4,3.27,0.025,0.87
2022-08-08,0.791,0.796,0.798,0.788,454361,36026390.465,1.27,0.76,0.006,0.65
2022-08-09,0.792,0.79,0.797,0.781,455149,35772366.346,2.01,-0.75,-0.006,0.65
2022-08-10,0.784,0.78,0.787,0.777,486645,38046946.623,1.27,-1.27,-0.01,0.7
2022-08-11,0.782,0.804,0.806,0.782,682962,54502962.378,3.08,3.08,0.024,0.98
2022-08-12,0.805,0.821,0.824,0.801,720457,58679556.865,2.86,2.11,0.017,1.04
2022-08-15,0.822,0.811,0.822,0.809,690336,56074851.55,1.58,-1.22,-0.01,0.99
2022-08-16,0.809,0.805,0.813,0.799,499138,40160337.536,1.73,-0.74,-0.006,0.72
2022-08-17,0.805,0.824,0.826,0.802,799633,65397058.153,2.98,2.36,0.019,1.15
2022-08-18,0.821,0.811,0.821,0.802,672025,54247807.146,2.31,-1.58,-0.013,0.97
2022-08-19,0.808,0.819,0.837,0.807,746353,61657885.36,3.7,0.99,0.008,1.07
2022-08-22,0.811,0.833,0.834,0.802,763485,62821900.571,3.91,1.71,0.014,1.1
2022-08-23,0.83,0.824,0.833,0.819,519073,42744656.132,1.68,-1.08,-0.009,0.75
2022-08-24,0.826,0.81,0.835,0.81,1242637,101679948.042,3.03,-1.7,-0.014,1.79
2022-08-25,0.811,0.805,0.814,0.788,586573,46980146.5,3.21,-0.62,-0.005,0.84
2022-08-26,0.804,0.801,0.815,0.799,530457,42773016.063,1.99,-0.5,-0.004,0.76
2022-08-29,0.794,0.802,0.803,0.788,478500,37999728.866,1.87,0.12,0.001,0.69
2022-08-30,0.8,0.819,0.825,0.8,575099,46839252.208,3.12,2.12,0.017,0.83
2022-08-31,0.815,0.814,0.833,0.81,590826,48381629.786,2.81,-0.61,-0.005,0.85
2022-09-01,0.815,0.795,0.815,0.794,539546,43394017.437,2.58,-2.33,-0.019,0.78
2022-09-02,0.793,0.819,0.82,0.793,690423,56032265.8,3.4,3.02,0.024,0.99
2022-09-05,0.819,0.799,0.819,0.791,642176,51284702.3,3.42,-2.44,-0.02,0.92
2022-09-06,0.802,0.8,0.802,0.788,574854,45643858.057,1.75,0.13,0.001,0.83
2022-09-07,0.796,0.785,0.796,0.781,543524,42754736.57,1.88,-1.88,-0.015,0.78
2022-09-08,0.784,0.782,0.792,0.777,562703,44141954.492,1.91,-0.38,-0.003,0.81
2022-09-09,0.779,0.783,0.783,0.77,530467,41200133.591,1.66,0.13,0.001,0.76
2022-09-13,0.78,0.784,0.79,0.78,424350,33285252.4,1.28,0.13,0.001,0.61
2022-09-14,0.781,0.777,0.782,0.771,489211,37937029.55,1.4,-0.89,-0.007,0.7
2022-09-15,0.779,0.77,0.782,0.758,639284,49301948.228,3.09,-0.9,-0.007,0.92
2022-09-16,0.766,0.754,0.773,0.753,515199,39442810.199,2.6,-2.08,-0.016,0.74
2022-09-19,0.748,0.729,0.75,0.723,653080,47754950.424,3.58,-3.32,-0.025,0.94
2022-09-20,0.732,0.731,0.737,0.728,437149,31991314.8,1.23,0.27,0.002,0.63
2022-09-21,0.725,0.737,0.738,0.715,698136,50688611.1,3.15,0.82,0.006,1.0
2022-09-22,0.732,0.726,0.736,0.725,352147,25711098.0,1.49,-1.49,-0.011,0.51
2022-09-23,0.724,0.706,0.724,0.701,1156150,82169854.595,3.17,-2.75,-0.02,1.66
2022-09-26,0.702,0.697,0.707,0.693,512784,35923516.214,1.98,-1.27,-0.009,0.74
2022-09-27,0.697,0.711,0.713,0.694,553297,38787767.671,2.73,2.01,0.014,0.8
2022-09-28,0.707,0.695,0.71,0.694,563708,39552695.606,2.25,-2.25,-0.016,0.81
2022-09-29,0.698,0.69,0.704,0.683,583857,40478508.374,3.02,-0.72,-0.005,0.84
2022-09-30,0.686,0.685,0.692,0.683,545398,37528201.342,1.3,-0.72,-0.005,0.78
2022-10-10,0.686,0.672,0.688,0.669,782394,52986822.056,2.77,-1.9,-0.013,1.12
2022-10-11,0.67,0.666,0.67,0.654,674848,44566633.5,2.38,-0.89,-0.006,0.97
2022-10-12,0.666,0.68,0.682,0.658,562008,37427501.248,3.6,2.1,0.014,0.81
2022-10-13,0.675,0.68,0.689,0.673,562584,38311037.738,2.35,0.0,0.0,0.81
2022-10-14,0.687,0.695,0.7,0.686,492634,34201955.595,2.06,2.21,0.015,0.71
2022-10-17,0.695,0.704,0.706,0.691,504242,35354732.629,2.16,1.29,0.009,0.72
2022-10-18,0.708,0.702,0.708,0.698,522169,36667535.918,1.42,-0.28,-0.002,0.75
2022-10-19,0.702,0.691,0.702,0.691,483557,33623374.884,1.57,-1.57,-0.011,0.7
2022-10-20,0.687,0.698,0.704,0.687,538204,37462479.9,2.46,1.01,0.007,0.77
2022-10-21,0.7,0.687,0.7,0.686,500759,34597598.051,2.01,-1.58,-0.011,0.72
2022-10-24,0.687,0.671,0.7,0.666,513921,35124908.902,4.95,-2.33,-0.016,0.74
2022-10-25,0.666,0.663,0.674,0.656,348537,23138342.671,2.68,-1.19,-0.008,0.5
2022-10-26,0.667,0.677,0.685,0.665,476215,32266700.56,3.02,2.11,0.014,0.68
2022-10-27,0.685,0.698,0.702,0.683,481848,33455619.568,2.81,3.1,0.021,0.69
2022-10-28,0.699,0.668,0.699,0.664,563871,38302142.386,5.01,-4.3,-0.03,0.81
2022-10-31,0.663,0.677,0.685,0.663,521640,35131331.824,3.29,1.35,0.009,0.75
2022-11-01,0.679,0.694,0.696,0.675,475181,32614892.955,3.1,2.51,0.017,0.68
2022-11-02,0.713,0.716,0.727,0.71,688179,49446678.348,2.45,3.17,0.022,0.99
2022-11-03,0.7,0.703,0.711,0.697,508051,35683049.741,1.96,-1.82,-0.013,0.73
2022-11-04,0.699,0.717,0.718,0.699,517563,36774810.1,2.7,1.99,0.014,0.74
2022-11-07,0.714,0.737,0.739,0.703,685679,49754229.558,5.02,2.79,0.02,0.99
2022-11-08,0.739,0.734,0.739,0.728,449891,32897077.696,1.49,-0.41,-0.003,0.65
2022-11-09,0.731,0.728,0.738,0.728,507709,37191221.5,1.36,-0.82,-0.006,0.73
2022-11-10,0.722,0.743,0.746,0.722,737082,54475759.202,3.3,2.06,0.015,1.06
2022-11-11,0.754,0.743,0.759,0.742,704307,52922333.995,2.29,0.0,0.0,1.01
2022-11-14,0.748,0.749,0.755,0.744,753728,56499613.983,1.48,0.81,0.006,1.08
2022-11-15,0.746,0.756,0.759,0.746,488834,36852999.102,1.74,0.93,0.007,0.7
2022-11-16,0.756,0.768,0.774,0.756,679983,52273286.843,2.38,1.59,0.012,0.98
2022-11-17,0.806,0.808,0.819,0.782,1270755,101566292.753,4.82,5.21,0.04,1.83
2022-11-18,0.81,0.81,0.849,0.806,1631516,135436090.345,5.32,0.25,0.002,2.35
2022-11-21,0.799,0.783,0.811,0.777,786211,61912589.237,4.2,-3.33,-0.027,1.13
2022-11-22,0.78,0.771,0.786,0.767,628027,48864656.046,2.43,-1.53,-0.012,0.9
2022-11-23,0.772,0.768,0.774,0.753,630277,48157859.8,2.72,-0.39,-0.003,0.91
2022-11-24,0.766,0.757,0.769,0.755,484020,36838119.436,1.82,-1.43,-0.011,0.7
2022-11-25,0.756,0.758,0.762,0.75,605081,45763176.226,1.59,0.13,0.001,0.87
2022-11-28,0.75,0.748,0.752,0.737,529232,39374594.0,1.98,-1.32,-0.01,0.76
2022-11-29,0.745,0.767,0.767,0.745,954762,72521896.919,2.94,2.54,0.019,1.37
2022-11-30,0.765,0.767,0.777,0.762,706998,54544500.907,1.96,0.0,0.0,1.02
2022-12-01,0.773,0.774,0.782,0.772,760546,59017938.9,1.3,0.91,0.007,1.09
2022-12-02,0.772,0.782,0.79,0.772,626718,49103508.544,2.33,1.03,0.008,0.9
2022-12-05,0.785,0.79,0.793,0.784,644801,50840260.134,1.15,1.02,0.008,0.93
2022-12-06,0.785,0.778,0.788,0.775,627528,49103674.681,1.65,-1.52,-0.012,0.9
2022-12-07,0.762,0.783,0.788,0.762,664246,51621346.528,3.34,0.64,0.005,0.95
2022-12-08,0.782,0.779,0.784,0.77,583380,45350359.122,1.79,-0.51,-0.004,0.84
2022-12-09,0.78,0.777,0.782,0.77,410725,31798768.96,1.54,-0.26,-0.002,0.59
2022-12-12,0.776,0.763,0.778,0.763,481780,36988565.928,1.93,-1.8,-0.014,0.69
2022-12-13,0.763,0.77,0.78,0.76,716415,55212600.438,2.62,0.92,0.007,1.03
2022-12-14,0.768,0.774,0.776,0.76,512371,39386640.215,2.08,0.52,0.004,0.74
2022-12-15,0.774,0.765,0.779,0.764,464429,35817715.1,1.94,-1.16,-0.009,0.67
2022-12-16,0.762,0.754,0.764,0.753,585957,44381120.6,1.44,-1.44,-0.011,0.84
2022-12-19,0.757,0.74,0.758,0.737,635286,47498594.15,2.79,-1.86,-0.014,0.91
2022-12-20,0.739,0.73,0.746,0.666,597188,44041990.161,10.81,-1.35,-0.01,0.86
2022-12-21,0.732,0.728,0.739,0.725,551050,40311215.568,1.92,-0.27,-0.002,0.79
2022-12-22,0.73,0.738,0.753,0.73,662248,49191294.574,3.16,1.37,0.01,0.95
2022-12-23,0.734,0.748,0.755,0.73,709581,52835944.1,3.39,1.36,0.01,1.02
2022-12-26,0.754,0.746,0.754,0.742,435371,32483241.079,1.6,-0.27,-0.002,0.63
2022-12-27,0.75,0.745,0.753,0.736,466717,34653350.4,2.28,-0.13,-0.001,0.67
2022-12-28,0.742,0.747,0.75,0.73,563319,41668693.9,2.68,0.27,0.002,0.81
2022-12-29,0.756,0.744,0.766,0.743,662473,50059608.352,3.08,-0.4,-0.003,0.95
2022-12-30,0.742,0.763,0.763,0.739,722200,54413358.2,3.23,2.55,0.019,1.04
2023-01-03,0.758,0.781,0.783,0.756,712384,54903734.505,3.54,2.36,0.018,1.02
2023-01-04,0.782,0.803,0.806,0.779,845867,67121704.186,3.46,2.82,0.022,1.22
2023-01-05,0.802,0.809,0.827,0.801,863181,70080797.441,3.24,0.75,0.006,1.24
2023-01-06,0.805,0.801,0.811,0.795,660854,52919772.457,1.98,-0.99,-0.008,0.95
2023-01-09,0.796,0.808,0.813,0.796,701127,56632545.276,2.12,0.87,0.007,1.01
2023-01-10,0.809,0.825,0.825,0.805,786106,64155547.323,2.48,2.1,0.017,1.13
2023-01-11,0.827,0.805,0.827,0.803,764949,62312534.975,2.91,-2.42,-0.02,1.1
2023-01-12,0.804,0.804,0.811,0.796,648152,52071299.532,1.86,-0.12,-0.001,0.93
2023-01-13,0.804,0.808,0.808,0.799,530174,42613879.3,1.12,0.5,0.004,0.76
2023-01-16,0.81,0.808,0.813,0.802,654786,52939317.338,1.36,0.0,0.0,0.94
2023-01-17,0.811,0.803,0.812,0.8,451502,36332281.626,1.49,-0.62,-0.005,0.65
2023-01-18,0.811,0.828,0.83,0.811,875678,72166448.6,2.37,3.11,0.025,1.26
2023-01-19,0.821,0.835,0.835,0.815,1085452,89978741.294,2.42,0.85,0.007,1.56
2023-01-20,0.835,0.837,0.837,0.827,559934,46633565.092,1.2,0.24,0.002,0.8
2023-01-30,0.85,0.831,0.85,0.829,581239,48579165.552,2.51,-0.72,-0.006,0.84
2023-01-31,0.828,0.833,0.834,0.822,538021,44577281.47,1.44,0.24,0.002,0.77
2023-02-01,0.833,0.849,0.85,0.828,833173,69924768.776,2.64,1.92,0.016,1.2
2023-02-02,0.855,0.863,0.876,0.852,1265933,109480160.421,2.83,1.65,0.014,1.82
2023-02-03,0.86,0.877,0.879,0.859,994849,86666629.838,2.32,1.62,0.014,1.43
2023-02-06,0.874,0.892,0.901,0.866,977776,86769422.646,3.99,1.71,0.015,1.41
2023-02-07,0.894,0.915,0.922,0.881,1056621,95233083.151,4.6,2.58,0.023,1.52
2023-02-08,0.913,0.894,0.916,0.89,994474,89418444.007,2.84,-2.3,-0.021,1.43
2023-02-09,0.886,0.919,0.919,0.878,901168,80779878.321,4.59,2.8,0.025,1.3
2023-02-10,0.919,0.912,0.938,0.908,1059681,98048132.664,3.26,-0.76,-0.007,1.52
2023-02-13,0.912,0.929,0.932,0.905,1241257,114575830.224,2.96,1.86,0.017,1.78
2023-02-14,0.926,0.922,0.936,0.917,935650,86530711.031,2.05,-0.75,-0.007,1.34
2023-02-15,0.918,0.94,0.945,0.915,1274673,118547110.435,3.25,1.95,0.018,1.83
2023-02-16,0.94,0.941,0.98,0.934,1458092,140326842.332,4.89,0.11,0.001,2.1
2023-02-17,0.942,0.913,0.954,0.91,2006364,186135028.788,4.68,-2.98,-0.028,2.88
2023-02-20,0.911,0.96,0.962,0.911,1851916,174187897.994,5.59,5.15,0.047,2.66
2023-02-21,0.958,0.941,0.96,0.928,1450075,136825199.742,3.33,-1.98,-0.019,2.08
2023-02-22,0.931,0.929,0.937,0.913,1245483,115193394.669,2.55,-1.28,-0.012,1.79
2023-02-23,0.926,0.907,0.929,0.903,1049330,96125630.493,2.8,-2.37,-0.022,1.51
2023-02-24,0.907,0.911,0.915,0.901,861319,78325602.807,1.54,0.44,0.004,1.24
2023-02-27,0.902,0.894,0.916,0.892,898213,81131959.148,2.63,-1.87,-0.017,1.29
2023-02-28,0.901,0.9,0.902,0.883,914195,81729356.5,2.13,0.67,0.006,1.31
2023-03-01,0.902,0.942,0.945,0.897,1485492,137554962.813,5.33,4.67,0.042,2.14
2023-03-02,0.934,0.96,0.966,0.934,1576344,149893483.166,3.4,1.91,0.018,2.27
2023-03-03,0.952,0.951,0.964,0.938,1575249,150171346.689,2.71,-0.94,-0.009,2.26
2023-03-06,0.947,0.941,0.957,0.939,966818,91495696.461,1.89,-1.05,-0.01,1.39
2023-03-07,0.941,0.916,0.946,0.915,1109391,103100408.192,3.29,-2.66,-0.025,1.59
2023-03-08,0.91,0.927,0.931,0.91,775276,71460855.215,2.29,1.2,0.011,1.11
2023-03-09,0.926,0.92,0.926,0.908,720050,65918843.061,1.94,-0.76,-0.007,1.03
2023-03-10,0.907,0.904,0.921,0.904,896561,81805672.609,1.85,-1.74,-0.016,1.29
2023-03-13,0.904,0.927,0.927,0.894,1271912,115477402.422,3.65,2.54,0.023,1.83
2023-03-14,0.921,0.917,0.939,0.909,1177800,108554704.558,3.24,-1.08,-0.01,1.69
2023-03-15,0.92,0.911,0.93,0.909,812433,74597453.409,2.29,-0.65,-0.006,1.17
2023-03-16,0.906,0.919,0.93,0.889,1114454,101671373.488,4.5,0.88,0.008,1.6
2023-03-17,0.918,0.967,0.97,0.918,1363841,129967362.412,5.66,5.22,0.048,1.96
2023-03-20,0.998,1.017,1.041,0.998,2351262,240794572.511,4.45,5.17,0.05,3.38
2023-03-21,1.012,1.052,1.062,1.006,1611733,167333098.851,5.51,3.44,0.035,2.32
2023-03-22,1.046,1.087,1.092,1.036,2007424,213996115.234,5.32,3.33,0.035,2.89
2023-03-23,1.083,1.095,1.102,1.075,1635227,178160951.027,2.48,0.74,0.008,2.35
2023-03-24,1.094,1.167,1.167,1.092,2542042,287431494.5,6.85,6.58,0.072,3.65
2023-03-27,1.161,1.175,1.201,1.135,3030924,355146365.546,5.66,0.69,0.008,4.36
2023-03-28,1.155,1.142,1.176,1.133,2619362,301614678.385,3.66,-2.81,-0.033,3.77
2023-03-29,1.139,1.131,1.158,1.118,1861592,212564248.794,3.5,-0.96,-0.011,2.68
2023-03-30,1.12,1.129,1.144,1.109,1821944,205730690.876,3.09,-0.18,-0.002,2.62
2023-03-31,1.128,1.214,1.23,1.112,3763775,441125433.349,10.45,7.53,0.085,5.41
2023-04-03,1.206,1.312,1.32,1.192,3571890,453398950.924,10.54,8.07,0.098,5.13
2023-04-04,1.303,1.32,1.353,1.301,4008617,534038481.361,3.96,0.61,0.008,5.76
2023-04-06,1.283,1.292,1.312,1.261,4126487,530862078.102,3.86,-2.12,-0.028,5.93
2023-04-07,1.29,1.364,1.368,1.262,4697392,620011376.721,8.2,5.57,0.072,6.75
2023-04-10,1.366,1.264,1.375,1.255,5127891,676161544.253,8.8,-7.33,-0.1,7.37
2023-04-11,1.263,1.324,1.364,1.263,5680073,745320425.157,7.99,4.75,0.06,8.16
2023-04-12,1.313,1.425,1.428,1.31,5240105,716381042.032,8.91,7.63,0.101,7.53
2023-04-13,1.42,1.389,1.442,1.378,5051115,716408147.757,4.49,-2.53,-0.036,7.26
2023-04-14,1.369,1.364,1.41,1.305,5946623,811739365.436,7.56,-1.8,-0.025,8.55
2023-04-17,1.341,1.312,1.35,1.303,5079624,671775619.771,3.45,-3.81,-0.052,7.3
2023-04-18,1.3,1.32,1.338,1.261,7297215,946616997.471,5.87,0.61,0.008,10.49
2023-04-19,1.308,1.326,1.362,1.308,5107590,684890482.414,4.09,0.45,0.006,7.34
2023-04-20,1.31,1.405,1.409,1.308,4853913,662322038.979,7.62,5.96,0.079,6.98
2023-04-21,1.419,1.359,1.444,1.355,5450468,761280855.756,6.33,-3.27,-0.046,7.83
2023-04-24,1.342,1.438,1.461,1.342,6297120,893385070.587,8.76,5.81,0.079,9.05
2023-04-25,1.429,1.491,1.506,1.408,6807445,995945273.55,6.82,3.69,0.053,9.78
2023-04-26,1.479,1.489,1.544,1.413,7148298,1054287455.637,8.79,-0.13,-0.002,10.27
2023-04-27,1.46,1.387,1.483,1.358,8411438,1194875451.974,8.39,-6.85,-0.102,12.09
2023-04-28,1.383,1.526,1.526,1.383,4681098,691010925.797,10.31,10.02,0.139,6.73
2023-05-04,1.585,1.637,1.64,1.551,5367037,852626930.963,5.83,7.27,0.111,7.71
2023-05-05,1.598,1.553,1.616,1.547,5928799,932640644.455,4.22,-5.13,-0.084,8.52
2023-05-08,1.538,1.546,1.584,1.499,5546416,856045918.103,5.47,-0.45,-0.007,7.97
2023-05-09,1.527,1.48,1.561,1.476,7600078,1153919401.787,5.5,-4.27,-0.066,10.92
2023-05-10,1.469,1.439,1.507,1.4,7907964,1155899135.785,7.23,-2.77,-0.041,11.37
2023-05-11,1.44,1.463,1.51,1.431,6426391,943005413.63,5.49,1.67,0.024,9.24
2023-05-12,1.45,1.39,1.47,1.388,4821969,686686071.595,5.6,-4.99,-0.073,6.93
2023-05-15,1.393,1.379,1.409,1.336,5038121,689507359.732,5.25,-0.79,-0.011,7.24
2023-05-16,1.395,1.327,1.418,1.322,6274111,861979256.103,6.96,-3.77,-0.052,9.02
2023-05-17,1.3,1.348,1.376,1.3,6789167,912199990.425,5.73,1.58,0.021,9.76
2023-05-18,1.339,1.42,1.425,1.331,6137328,855318368.07,6.97,5.34,0.072,8.82
2023-05-19,1.404,1.385,1.448,1.381,4178540,588577301.114,4.72,-2.46,-0.035,6.01
2023-05-22,1.359,1.354,1.392,1.317,5492175,741956186.673,5.42,-2.24,-0.031,7.89
2023-05-23,1.354,1.333,1.378,1.322,4191337,564819029.767,4.14,-1.55,-0.021,6.02
2023-05-24,1.314,1.357,1.37,1.303,5010921,671120761.219,5.03,1.8,0.024,7.2
2023-05-25,1.352,1.317,1.377,1.272,5954490,784248730.248,7.74,-2.95,-0.04,8.56
2023-05-26,1.308,1.343,1.355,1.294,4606263,612241846.883,4.63,1.97,0.026,6.62
2023-05-29,1.349,1.385,1.435,1.334,6650580,919660352.944,7.52,3.13,0.042,9.56
2023-05-30,1.354,1.47,1.478,1.335,8342764,1182432228.197,10.32,6.14,0.085,11.99
2023-05-31,1.465,1.491,1.515,1.454,6075879,902771303.643,4.15,1.43,0.021,8.73
2023-06-01,1.474,1.523,1.562,1.469,6032192,920620508.63,6.24,2.15,0.032,8.67
2023-06-02,1.534,1.521,1.555,1.512,5690525,869677657.2,2.82,-0.13,-0.002,8.18
2023-06-05,1.506,1.55,1.553,1.495,5028857,768925841.395,3.81,1.91,0.029,7.23
2023-06-06,1.533,1.506,1.585,1.49,4921004,757591819.752,6.13,-2.84,-0.044,7.07
2023-06-07,1.497,1.5,1.529,1.47,4456211,668748171.051,3.92,-0.4,-0.006,6.41
2023-06-08,1.487,1.46,1.487,1.432,4431941,644721277.032,3.67,-2.67,-0.04,6.37
2023-06-09,1.46,1.554,1.555,1.446,6533593,977480949.168,7.47,6.44,0.094,9.39
2023-06-12,1.548,1.538,1.567,1.533,4451064,688644779.987,2.19,-1.03,-0.016,6.4
2023-06-13,1.527,1.567,1.595,1.527,4641932,727971795.875,4.42,1.89,0.029,6.67
2023-06-14,1.555,1.584,1.62,1.548,5547669,876225088.24,4.59,1.08,0.017,7.97
2023-06-15,1.592,1.569,1.615,1.555,5180957,818406092.634,3.79,-0.95,-0.015,7.45
2023-06-16,1.552,1.605,1.621,1.528,5580507,880379679.602,5.93,2.29,0.036,8.02
2023-06-19,1.607,1.637,1.639,1.592,5661901,914778399.836,2.93,1.99,0.032,8.14
2023-06-20,1.638,1.685,1.709,1.616,6606508,1111075685.193,5.68,2.93,0.048,9.5
2023-06-21,1.645,1.529,1.66,1.529,9000210,1422737729.177,7.77,-9.26,-0.156,12.94
2023-06-26,1.495,1.441,1.538,1.432,8053482,1190685759.374,6.93,-5.76,-0.088,11.58
2023-06-27,1.442,1.458,1.491,1.421,6831567,998219062.497,4.86,1.18,0.017,9.82
2023-06-28,1.435,1.448,1.47,1.381,9513826,1354838820.575,6.1,-0.69,-0.01,13.68
2023-06-29,1.442,1.498,1.511,1.435,7062325,1045925481.398,5.25,3.45,0.05,10.15
2023-06-30,1.484,1.469,1.508,1.45,5738039,843716944.489,3.87,-1.94,-0.029,8.25
2023-07-03,1.469,1.356,1.472,1.342,8051634,1106739388.238,8.85,-7.69,-0.113,11.57
2023-07-04,1.351,1.364,1.367,1.34,5979805,808632024.736,1.99,0.59,0.008,8.6
2023-07-05,1.359,1.34,1.375,1.34,5169289,701852451.236,2.57,-1.76,-0.024,7.43
2023-07-06,1.336,1.351,1.399,1.332,5553030,759307850.588,5.0,0.82,0.011,7.98
2023-07-07,1.344,1.332,1.349,1.285,4948157,651149237.077,4.74,-1.41,-0.019,7.11
2023-07-10,1.332,1.347,1.35,1.306,4290614,570488590.448,3.3,1.13,0.015,6.17
2023-07-11,1.346,1.331,1.365,1.319,3971437,532214997.539,3.41,-1.19,-0.016,5.71
2023-07-12,1.325,1.28,1.334,1.278,4892105,638004466.569,4.21,-3.83,-0.051,7.03
2023-07-13,1.283,1.31,1.321,1.268,6208410,802341660.488,4.14,2.34,0.03,8.92
2023-07-14,1.31,1.324,1.359,1.31,5139997,683290649.476,3.74,1.07,0.014,7.39
2023-07-17,1.312,1.29,1.316,1.279,3848125,497280845.968,2.79,-2.57,-0.034,5.53
2023-07-18,1.29,1.272,1.304,1.268,4102469,525601074.587,2.79,-1.4,-0.018,5.9
2023-07-19,1.272,1.279,1.3,1.269,3319378,425945803.87,2.44,0.55,0.007,4.77
2023-07-20,1.276,1.233,1.281,1.23,4202803,525632691.84,3.99,-3.6,-0.046,6.04
2023-07-21,1.229,1.234,1.258,1.223,3587361,444753154.944,2.84,0.08,0.001,5.16
2023-07-24,1.225,1.231,1.255,1.218,4027989,497390898.56,3.0,-0.24,-0.003,5.79
2023-07-25,1.245,1.235,1.254,1.219,4711403,582816767.464,2.84,0.32,0.004,6.77
2023-07-26,1.23,1.191,1.23,1.183,4645552,557189695.353,3.81,-3.56,-0.044,6.68
2023-07-27,1.187,1.175,1.199,1.173,4334793,513545845.229,2.18,-1.34,-0.016,6.23
2023-07-28,1.174,1.17,1.18,1.16,4406181,515583525.418,1.7,-0.43,-0.005,6.33
2023-07-31,1.164,1.215,1.229,1.152,7335722,879121940.326,6.58,3.85,0.045,10.54
2023-08-01,1.203,1.215,1.226,1.19,5206222,627834176.666,2.96,0.0,0.0,7.48
2023-08-02,1.209,1.207,1.215,1.194,2971196,357174578.548,1.73,-0.66,-0.008,4.27
2023-08-03,1.195,1.194,1.218,1.189,3489680,419483345.05,2.4,-1.08,-0.013,5.02
2023-08-04,1.193,1.223,1.227,1.191,5568476,676758907.489,3.02,2.43,0.029,8.0
2023-08-07,1.226,1.252,1.277,1.223,7415471,927343518.306,4.42,2.37,0.029,10.66
2023-08-08,1.249,1.238,1.263,1.236,4236200,529383506.621,2.16,-1.12,-0.014,6.09
2023-08-09,1.236,1.192,1.241,1.19,4831576,586182710.769,4.12,-3.72,-0.046,6.94
2023-08-10,1.191,1.207,1.225,1.191,4451899,536980024.386,2.85,1.26,0.015,6.4
2023-08-11,1.209,1.194,1.236,1.194,3287815,399462545.574,3.48,-1.08,-0.013,4.73
2023-08-14,1.18,1.242,1.243,1.17,4541337,550494683.072,6.11,4.02,0.048,6.53
2023-08-15,1.241,1.205,1.242,1.192,3899211,473314031.533,4.03,-2.98,-0.037,5.6
2023-08-16,1.198,1.171,1.207,1.166,4150067,490862804.762,3.4,-2.82,-0.034,5.97
2023-08-17,1.165,1.191,1.2,1.157,3676943,436080717.354,3.67,1.71,0.02,5.29
2023-08-18,1.188,1.143,1.194,1.141,3506262,407615759.229,4.45,-4.03,-0.048,5.04
2023-08-21,1.139,1.131,1.165,1.13,3765130,432020715.671,3.06,-1.05,-0.012,5.41
2023-08-22,1.141,1.162,1.169,1.122,4411758,505508088.792,4.16,2.74,0.031,6.34
2023-08-23,1.158,1.136,1.159,1.132,2929827,334918971.573,2.32,-2.24,-0.026,4.21
2023-08-24,1.142,1.154,1.188,1.139,5323359,618288296.54,4.31,1.58,0.018,7.65
2023-08-25,1.136,1.109,1.147,1.099,4147706,464814543.171,4.16,-3.9,-0.045,5.96
2023-08-28,1.182,1.136,1.183,1.127,4397909,504484396.22,5.05,2.43,0.027,6.32
2023-08-29,1.13,1.182,1.19,1.13,4669004,544507549.341,5.28,4.05,0.046,6.71
2023-08-30,1.182,1.211,1.217,1.18,5388769,649139555.076,3.13,2.45,0.029,7.75
2023-08-31,1.209,1.193,1.214,1.182,3456970,413066263.022,2.64,-1.49,-0.018,4.97
2023-09-01,1.189,1.182,1.196,1.167,3436329,404844338.805,2.43,-0.92,-0.011,4.94
2023-09-04,1.183,1.179,1.186,1.16,3331187,389697228.441,2.2,-0.25,-0.003,4.79
2023-09-05,1.177,1.163,1.183,1.16,3700103,433504820.281,1.95,-1.36,-0.016,5.32
2023-09-06,1.153,1.138,1.158,1.129,3092381,352201834.722,2.49,-2.15,-0.025,4.44
2023-09-07,1.149,1.126,1.163,1.124,3816220,436788187.893,3.43,-1.05,-0.012,5.49
2023-09-08,1.111,1.091,1.119,1.077,4228981,460848166.501,3.73,-3.11,-0.035,6.08
2023-09-11,1.09,1.115,1.13,1.088,4505200,499142587.015,3.85,2.2,0.024,6.48
2023-09-12,1.106,1.094,1.109,1.092,2717992,298416509.711,1.52,-1.88,-0.021,3.91
2023-09-13,1.088,1.071,1.094,1.06,2865523,307924570.219,3.11,-2.1,-0.023,4.12
2023-09-14,1.07,1.061,1.075,1.056,2512425,267429435.431,1.77,-0.93,-0.01,3.61
2023-09-15,1.064,1.048,1.069,1.045,2339261,247420316.921,2.26,-1.23,-0.013,3.36
2023-09-18,1.048,1.05,1.063,1.042,2309494,243207870.641,2.0,0.19,0.002,3.32
2023-09-19,1.05,1.028,1.051,1.025,2436610,252326953.922,2.48,-2.1,-0.022,3.5
2023-09-20,1.028,1.021,1.041,1.016,2801635,288548948.272,2.43,-0.68,-0.007,4.03
2023-09-21,1.02,1.012,1.026,1.01,2601399,264599002.852,1.57,-0.88,-0.009,3.74
2023-09-22,1.012,1.078,1.079,1.008,6085601,639460742.064,7.02,6.52,0.066,8.75
2023-09-25,1.075,1.066,1.08,1.06,3002594,321738932.334,1.86,-1.11,-0.012,4.32
2023-09-26,1.065,1.086,1.107,1.063,3158428,343882908.433,4.13,1.88,0.02,4.54
2023-09-27,1.074,1.088,1.1,1.074,3225751,351090984.176,2.39,0.18,0.002,4.64
2023-09-28,1.093,1.088,1.102,1.083,2421213,264488989.717,1.75,0.0,0.0,3.48
2023-10-09,1.086,1.075,1.086,1.063,1762911,188961159.401,2.11,-1.19,-0.013,2.53
2023-10-10,1.076,1.073,1.087,1.07,1418318,153016830.877,1.58,-0.19,-0.002,2.04
2023-10-11,1.076,1.087,1.103,1.065,2504651,271996067.553,3.54,1.3,0.014,3.6
2023-10-12,1.09,1.068,1.093,1.054,2210341,235513806.129,3.59,-1.75,-0.019,3.18
2023-10-13,1.06,1.043,1.061,1.04,1573431,165116329.453,1.97,-2.34,-0.025,2.26
2023-10-16,1.044,1.027,1.046,1.021,2028579,209207956.582,2.4,-1.53,-0.016,2.92
2023-10-17,1.026,1.028,1.031,1.015,1676448,171408051.335,1.56,0.1,0.001,2.41
2023-10-18,1.018,1.009,1.023,0.994,2102302,211240150.505,2.82,-1.85,-0.019,3.02
2023-10-19,1.0,1.011,1.023,0.998,1915696,194232510.289,2.48,0.2,0.002,2.75
2023-10-20,0.996,0.979,1.008,0.978,3154854,311365280.264,2.97,-3.17,-0.032,4.53
2023-10-23,0.976,0.954,0.978,0.944,2573761,246191157.194,3.47,-2.55,-0.025,3.7
2023-10-24,0.955,0.974,0.981,0.95,2643226,256007876.444,3.25,2.1,0.02,3.8
2023-10-25,0.975,0.968,0.976,0.956,2391274,230866836.039,2.05,-0.62,-0.006,3.44
2023-10-26,0.953,0.961,0.962,0.944,1717067,163467706.214,1.86,-0.72,-0.007,2.47
2023-10-27,0.96,0.978,0.985,0.955,2318917,224737168.183,3.12,1.77,0.017,3.33
2023-10-30,0.974,0.999,1.003,0.971,2585609,256246619.566,3.27,2.15,0.021,3.72
2023-10-31,1.012,1.007,1.027,0.994,3701809,372115283.42,3.3,0.8,0.008,5.32
2023-11-01,0.996,1.016,1.053,0.994,4939818,507276163.165,5.86,0.89,0.009,7.1
2023-11-02,1.012,1.037,1.058,1.011,3967931,413014981.549,4.63,2.07,0.021,5.7
2023-11-03,1.034,1.037,1.048,1.012,3491518,360589968.466,3.47,0.0,0.0,5.02
2023-11-06,1.041,1.106,1.106,1.041,5382867,584478255.482,6.27,6.65,0.069,7.74
2023-11-07,1.105,1.108,1.115,1.092,3542218,391484778.699,2.08,0.18,0.002,5.09
2023-11-08,1.1,1.145,1.164,1.1,4782598,544978944.693,5.78,3.34,0.037,6.87
2023-11-09,1.139,1.128,1.147,1.123,3343422,379030248.92,2.1,-1.48,-0.017,4.81
2023-11-10,1.121,1.106,1.131,1.102,3368960,374946907.898,2.57,-1.95,-0.022,4.84
2023-11-13,1.116,1.115,1.13,1.109,3343813,373734481.42,1.9,0.81,0.009,4.81
2023-11-14,1.109,1.121,1.121,1.107,2180152,242952099.929,1.26,0.54,0.006,3.13
2023-11-15,1.13,1.102,1.136,1.098,2973289,329867249.028,3.39,-1.69,-0.019,4.27
2023-11-16,1.094,1.096,1.111,1.089,2585347,284672086.214,2.0,-0.54,-0.006,3.72
2023-11-17,1.093,1.105,1.112,1.091,2811754,309429047.981,1.92,0.82,0.009,4.04
2023-11-20,1.104,1.11,1.119,1.092,2776563,307555470.153,2.44,0.45,0.005,3.99
2023-11-21,1.114,1.111,1.133,1.107,2820907,316010939.312,2.34,0.09,0.001,4.05
2023-11-22,1.107,1.1,1.121,1.1,2431568,270337437.916,1.89,-0.99,-0.011,3.5
2023-11-23,1.1,1.097,1.101,1.078,2455390,267051180.404,2.09,-0.27,-0.003,3.53
2023-11-24,1.095,1.067,1.099,1.064,2603002,280582598.82,3.19,-2.73,-0.03,3.74
2023-11-27,1.065,1.054,1.072,1.047,3185915,336624367.551,2.34,-1.22,-0.013,4.58
2023-11-28,1.054,1.06,1.063,1.041,2011324,211642380.814,2.09,0.57,0.006,2.89
2023-11-29,1.057,1.047,1.06,1.044,1944887,204466481.252,1.51,-1.23,-0.013,2.8
2023-11-30,1.045,1.04,1.051,1.031,1733683,180469167.1,1.91,-0.67,-0.007,2.49
2023-12-01,1.041,1.125,1.128,1.04,5230922,568168204.582,8.46,8.17,0.085,7.52
2023-12-04,1.126,1.131,1.149,1.121,4248074,482293396.812,2.49,0.53,0.006,6.11
2023-12-05,1.125,1.089,1.129,1.089,5118821,562990297.252,3.54,-3.71,-0.042,7.36
2023-12-06,1.081,1.132,1.156,1.068,6133468,682951919.266,8.08,3.95,0.043,8.82
2023-12-07,1.149,1.147,1.164,1.134,6053753,695733277.299,2.65,1.33,0.015,8.7
2023-12-08,1.138,1.15,1.167,1.123,4631938,529862339.929,3.84,0.26,0.003,6.66
2023-12-11,1.141,1.186,1.194,1.136,5916297,689871430.947,5.04,3.13,0.036,8.5
2023-12-12,1.189,1.181,1.222,1.175,3824992,457849040.555,3.96,-0.42,-0.005,5.5
2023-12-13,1.17,1.167,1.198,1.164,4083847,482289313.475,2.88,-1.19,-0.014,5.87
2023-12-14,1.171,1.158,1.185,1.157,3651519,427405567.27,2.4,-0.77,-0.009,5.25
2023-12-15,1.161,1.165,1.182,1.135,5237181,607859587.403,4.06,0.6,0.007,7.53
2023-12-18,1.159,1.135,1.165,1.131,3175453,363946656.176,2.92,-2.58,-0.03,4.56
2023-12-19,1.128,1.157,1.165,1.125,3673021,421780163.635,3.52,1.94,0.022,5.28
2023-12-20,1.157,1.119,1.166,1.116,4039547,458928164.3,4.32,-3.28,-0.038,5.81
2023-12-21,1.105,1.148,1.156,1.105,4187260,474728882.574,4.56,2.59,0.029,6.02
2023-12-22,1.14,1.033,1.148,1.033,5578961,599080042.709,10.02,-10.02,-0.115,8.02
2023-12-25,0.996,0.99,1.003,0.963,8953707,881370235.776,3.87,-4.16,-0.043,12.87
2023-12-26,0.99,0.981,1.008,0.966,5140875,506825497.566,4.24,-0.91,-0.009,7.39
2023-12-27,0.993,0.976,1.002,0.968,3707959,364233168.107,3.47,-0.51,-0.005,5.33
2023-12-28,0.968,0.982,0.988,0.947,4714316,457957988.849,4.2,0.61,0.006,6.78
2023-12-29,0.98,1.019,1.025,0.977,6310686,637274980.596,4.89,3.77,0.037,9.07
2024-01-02,1.029,1.017,1.054,1.016,5225402,541356305.426,3.73,-0.2,-0.002,7.51
2024-01-03,1.015,1.028,1.049,1.002,5669640,583138134.076,4.62,1.08,0.011,8.15
2024-01-04,1.024,1.015,1.027,0.993,4101862,414151634.014,3.31,-1.26,-0.013,5.9
2024-01-05,1.01,0.987,1.012,0.979,2575843,256247496.672,3.25,-2.76,-0.028,3.7
2024-01-08,0.984,0.973,0.995,0.97,2993561,293415573.296,2.53,-1.42,-0.014,4.3
2024-01-09,0.98,0.971,0.992,0.963,2958175,289274216.071,2.98,-0.21,-0.002,4.25
2024-01-10,0.966,0.945,0.969,0.943,2878698,274217198.041,2.68,-2.68,-0.026,4.14
2024-01-11,0.942,0.986,0.989,0.939,4044591,391994872.352,5.29,4.34,0.041,5.81
2024-01-12,0.976,0.961,0.986,0.959,2813905,273134146.614,2.74,-2.54,-0.025,4.04
2024-01-15,0.954,0.962,0.975,0.95,2180659,209897533.6,2.6,0.1,0.001,3.13
2024-01-16,0.958,0.955,0.959,0.938,2549592,241806999.492,2.18,-0.73,-0.007,3.66
2024-01-17,0.952,0.929,0.956,0.92,1805750,170609493.68,3.77,-2.72,-0.026,2.6
2024-01-18,0.922,0.948,0.949,0.91,4024268,374001350.482,4.2,2.05,0.019,5.78
2024-01-19,0.952,0.973,0.989,0.952,4593139,447876353.689,3.9,2.64,0.025,6.6
2024-01-22,0.963,0.902,0.974,0.895,4080378,381751434.073,8.12,-7.3,-0.071,5.87
2024-01-23,0.896,0.953,0.966,0.891,5324267,496268305.437,8.31,5.65,0.051,7.65
2024-01-24,0.954,0.952,0.958,0.92,4147669,390407719.019,3.99,-0.1,-0.001,5.96
2024-01-25,0.947,0.979,0.98,0.929,4850851,463411786.674,5.36,2.84,0.027,6.97
2024-01-26,0.983,0.979,1.02,0.965,6178736,611723469.335,5.62,0.0,0.0,8.88
2024-01-29,0.97,0.938,0.974,0.932,5327563,503760874.506,4.29,-4.19,-0.041,7.66
2024-01-30,0.922,0.905,0.938,0.898,3665169,336843791.691,4.26,-3.52,-0.033,5.27
2024-01-31,0.896,0.854,0.913,0.851,4057218,358002645.724,6.85,-5.64,-0.051,5.83
2024-02-01,0.837,0.861,0.887,0.823,4406463,377656698.581,7.49,0.82,0.007,6.33
2024-02-02,0.864,0.851,0.901,0.821,5553511,483566267.669,9.29,-1.16,-0.01,7.98
2024-02-05,0.837,0.784,0.837,0.766,6130278,489309450.159,8.34,-7.87,-0.067,8.81
2024-02-06,0.765,0.843,0.851,0.758,6076207,488210658.751,11.86,7.53,0.059,8.73
2024-02-07,0.838,0.848,0.866,0.832,4096812,348038478.817,4.03,0.59,0.005,5.89
2024-02-08,0.852,0.881,0.89,0.852,4791435,417885052.134,4.48,3.89,0.033,6.89
2024-02-19,0.922,0.95,0.95,0.906,5794116,537838825.428,4.99,7.83,0.069,8.33
2024-02-20,0.941,0.942,0.961,0.919,4595900,431469756.092,4.42,-0.84,-0.008,6.61
2024-02-21,0.923,0.944,0.974,0.92,5217657,495178780.825,5.73,0.21,0.002,7.5
2024-02-22,0.953,0.963,0.97,0.947,3041119,291313393.481,2.44,2.01,0.019,4.37
2024-02-23,0.97,0.987,0.989,0.954,3607104,350239717.438,3.63,2.49,0.024,5.18
2024-02-26,0.976,0.985,1.005,0.965,4710220,464255152.98,4.05,-0.2,-0.002,6.77
2024-02-27,0.975,1.035,1.038,0.974,5222988,529519545.164,6.5,5.08,0.05,7.51
2024-02-28,1.047,0.992,1.079,0.988,6939298,720322181.328,8.79,-4.15,-0.043,9.97
2024-02-29,0.985,1.023,1.025,0.976,5231134,527460049.223,4.94,3.13,0.031,7.52
2024-03-01,1.022,1.039,1.047,1.013,4906460,505017371.97,3.32,1.56,0.016,7.05
2024-03-04,1.039,1.051,1.055,1.013,4856506,503953014.64,4.04,1.15,0.012,6.98
2024-03-05,1.036,1.036,1.054,1.02,4997534,518769595.888,3.24,-1.43,-0.015,7.18
2024-03-06,1.016,1.018,1.035,1.007,3261136,332627762.962,2.7,-1.74,-0.018,4.69
2024-03-07,1.021,0.981,1.032,0.979,3877997,387453864.041,5.21,-3.63,-0.037,5.57
2024-03-08,0.982,0.994,0.997,0.971,2997310,294735305.298,2.65,1.33,0.013,4.31
2024-03-11,0.982,1.009,1.01,0.976,3483514,346354528.899,3.42,1.51,0.015,5.01
2024-03-12,1.016,1.019,1.036,1.013,3783057,387259244.102,2.28,0.99,0.01,5.44
2024-03-13,1.027,1.066,1.079,1.021,9266510,976022604.398,5.69,4.61,0.047,13.32
2024-03-14,1.048,1.032,1.05,1.015,6250723,645552319.928,3.28,-3.19,-0.034,8.98
2024-03-15,1.03,1.038,1.038,1.012,4769378,488818208.603,2.52,0.58,0.006,6.86
2024-03-18,1.04,1.059,1.065,1.025,6268542,656806041.605,3.85,2.02,0.021,9.01
2024-03-19,1.054,1.053,1.077,1.05,5920639,630057193.872,2.55,-0.57,-0.006,8.51
2024-03-20,1.05,1.082,1.083,1.047,5419333,580887263.909,3.42,2.75,0.029,7.79
2024-03-21,1.093,1.086,1.118,1.085,5085728,559024540.485,3.05,0.37,0.004,7.31
2024-03-22,1.081,1.084,1.1,1.05,5588704,599525303.951,4.6,-0.18,-0.002,8.03
2024-03-25,1.087,1.035,1.095,1.032,4229222,449074820.66,5.81,-4.52,-0.049,6.08
2024-03-26,1.027,1.005,1.035,0.993,5073616,513319008.585,4.06,-2.9,-0.03,7.29
2024-03-27,1.002,0.955,1.004,0.953,5512386,537232776.305,5.07,-4.98,-0.05,7.92
2024-03-28,0.953,0.992,1.004,0.953,5505146,542672716.318,5.34,3.87,0.037,7.91
2024-03-29,0.984,0.98,0.987,0.958,3751330,363716882.192,2.92,-1.21,-0.012,5.39
2024-04-01,0.987,1.026,1.026,0.987,4669808,472208992.909,3.98,4.69,0.046,6.71
2024-04-02,1.022,1.012,1.026,0.997,3342355,337689389.731,2.83,-1.36,-0.014,4.8
2024-04-03,1.009,0.983,1.009,0.976,3213151,316786161.149,3.26,-2.87,-0.029,4.62
2024-04-08,0.98,0.96,0.98,0.958,2690409,260258614.844,2.24,-2.34,-0.023,3.87
2024-04-09,0.965,0.974,0.979,0.951,3447664,332520406.493,2.92,1.46,0.014,4.96
2024-04-10,0.965,0.941,0.965,0.935,3851104,364760736.468,3.08,-3.39,-0.033,5.54
2024-04-11,0.935,0.951,0.967,0.933,3544096,338924125.8,3.61,1.06,0.01,5.09
2024-04-12,0.948,0.935,0.955,0.935,3412789,322015448.311,2.1,-1.68,-0.016,4.91
2024-04-15,0.935,0.922,0.944,0.906,4260955,392930349.334,4.06,-1.39,-0.013,6.12
2024-04-16,0.913,0.874,0.92,0.872,5549621,493643677.98,5.21,-5.21,-0.048,7.98
2024-04-17,0.885,0.912,0.918,0.884,4729932,428603419.598,3.89,4.35,0.038,6.8
2024-04-18,0.905,0.902,0.916,0.887,3523624,317808410.411,3.18,-1.1,-0.01,5.06
2024-04-19,0.894,0.879,0.897,0.875,2955098,260825710.279,2.44,-2.55,-0.023,4.25
2024-04-22,0.868,0.879,0.886,0.855,2367466,206657445.318,3.53,0.0,0.0,3.4
2024-04-23,0.884,0.885,0.893,0.875,3162876,279997294.688,2.05,0.68,0.006,4.55
2024-04-24,0.888,0.905,0.905,0.88,3100464,278080819.122,2.82,2.26,0.02,4.46
2024-04-25,0.896,0.898,0.912,0.894,2548941,229786768.27,1.99,-0.77,-0.007,3.66
2024-04-26,0.899,0.922,0.928,0.898,3337757,306351608.3,3.34,2.67,0.024,4.8
2024-04-29,0.925,0.954,0.96,0.923,4217629,399757452.9,4.01,3.47,0.032,6.06
2024-04-30,0.965,0.951,0.967,0.94,3840693,366279255.114,2.83,-0.31,-0.003,5.52
2024-05-06,0.968,0.962,0.975,0.957,3028348,292692558.087,1.89,1.16,0.011,4.35
2024-05-07,0.962,0.958,0.977,0.954,3103040,299376520.264,2.39,-0.42,-0.004,4.46
2024-05-08,0.953,0.922,0.953,0.921,3968696,369137036.116,3.34,-3.76,-0.036,5.7
2024-05-09,0.923,0.936,0.938,0.923,3199361,297484768.174,1.63,1.52,0.014,4.6
2024-05-10,0.936,0.926,0.944,0.92,2780477,258148938.7,2.56,-1.07,-0.01,4.0
2024-05-13,0.915,0.909,0.921,0.899,2969743,270041487.1,2.38,-1.84,-0.017,4.27
2024-05-14,0.92,0.931,0.934,0.914,4481547,415066969.685,2.2,2.42,0.022,6.44
2024-05-15,0.935,0.916,0.943,0.914,3589490,332470681.041,3.11,-1.61,-0.015,5.16
2024-05-16,0.911,0.912,0.925,0.904,2917316,266764066.7,2.29,-0.44,-0.004,4.19
2024-05-17,0.909,0.911,0.914,0.896,2841939,257172218.3,1.97,-0.11,-0.001,4.08
2024-05-20,0.905,0.908,0.915,0.892,3451264,312098272.5,2.52,-0.33,-0.003,4.96
2024-05-21,0.909,0.909,0.923,0.902,3628928,331568105.2,2.31,0.11,0.001,5.22
2024-05-22,0.903,0.905,0.906,0.894,3043197,274283726.6,1.32,-0.44,-0.004,4.37
2024-05-23,0.904,0.884,0.904,0.88,3237907,287721592.2,2.65,-2.32,-0.021,4.65
2024-05-24,0.88,0.873,0.889,0.872,2645540,232783514.8,1.92,-1.24,-0.011,3.8
2024-05-27,0.875,0.878,0.88,0.857,3248587,281775689.35,2.63,0.57,0.005,4.67
2024-05-28,0.877,0.857,0.877,0.856,3639922,314932023.4,2.39,-2.39,-0.021,5.23
2024-05-29,0.858,0.864,0.869,0.858,3438165,296941896.332,1.28,0.82,0.007,4.94
2024-05-30,0.859,0.855,0.863,0.849,2584730,221313106.3,1.62,-1.04,-0.009,3.72
2024-05-31,0.856,0.868,0.875,0.855,3739044,323871926.807,2.34,1.52,0.013,5.37
2024-06-03,0.864,0.853,0.864,0.846,3536563,301865946.3,2.07,-1.73,-0.015,5.08
2024-06-04,0.851,0.861,0.864,0.845,4118592,351738688.208,2.23,0.94,0.008,5.92
2024-06-05,0.857,0.846,0.858,0.845,3325149,283273330.6,1.51,-1.74,-0.015,4.78
2024-06-06,0.85,0.824,0.855,0.82,4886258,408649944.984,4.14,-2.6,-0.022,7.02
2024-06-07,0.832,0.824,0.839,0.813,4675149,386044228.552,3.16,0.0,0.0,6.72
2024-06-11,0.818,0.835,0.838,0.808,4792239,395992343.49,3.64,1.33,0.011,6.89
2024-06-12,0.833,0.85,0.853,0.832,4603409,388959948.5,2.51,1.8,0.015,6.62
2024-06-13,0.846,0.847,0.851,0.841,2486897,210280918.9,1.18,-0.35,-0.003,3.57
2024-06-14,0.844,0.848,0.854,0.841,3191918,270349988.8,1.53,0.12,0.001,4.59
2024-06-17,0.845,0.833,0.846,0.831,2445682,204470363.08,1.77,-1.77,-0.015,3.52
2024-06-18,0.832,0.836,0.842,0.832,2066122,173006718.919,1.2,0.36,0.003,2.97
2024-06-19,0.839,0.822,0.839,0.821,2720037,224643489.0,2.15,-1.67,-0.014,3.91
2024-06-20,0.82,0.8,0.824,0.799,3615072,292080473.5,3.04,-2.68,-0.022,5.2
2024-06-21,0.799,0.796,0.804,0.789,2716167,215860466.5,1.88,-0.5,-0.004,3.9
2024-06-24,0.791,0.765,0.791,0.765,4143627,321684252.3,3.27,-3.89,-0.031,5.96
2024-06-25,0.767,0.755,0.777,0.748,4417521,336684383.829,3.79,-1.31,-0.01,6.35
2024-06-26,0.756,0.803,0.805,0.754,9554646,746596878.736,6.75,6.36,0.048,13.73
2024-06-27,0.792,0.785,0.8,0.783,3799836,301164151.851,2.12,-2.24,-0.018,5.46
2024-06-28,0.785,0.783,0.797,0.779,3530817,278841750.8,2.29,-0.25,-0.002,5.08
2024-07-01,0.778,0.785,0.787,0.767,3021278,234275592.277,2.55,0.26,0.002,4.34
2024-07-02,0.787,0.788,0.799,0.784,3189113,252481644.877,1.91,0.38,0.003,4.58
2024-07-03,0.787,0.784,0.793,0.779,2369626,185982850.561,1.78,-0.51,-0.004,3.41
2024-07-04,0.786,0.763,0.788,0.761,2898947,223528531.026,3.44,-2.68,-0.021,4.17
2024-07-05,0.76,0.769,0.773,0.755,2961273,226434227.518,2.36,0.79,0.006,4.26
2024-07-08,0.762,0.74,0.766,0.738,2912274,218425217.632,3.64,-3.77,-0.029,4.19
2024-07-09,0.738,0.75,0.753,0.728,3782985,280814804.816,3.38,1.35,0.01,5.44
2024-07-10,0.746,0.744,0.759,0.738,2770649,207669139.0,2.8,-0.8,-0.006,3.98
2024-07-11,0.757,0.763,0.764,0.75,3549395,269151526.66,1.88,2.55,0.019,5.1
2024-07-12,0.76,0.752,0.765,0.748,3030772,228939453.4,2.23,-1.44,-0.011,4.36
2024-07-15,0.751,0.74,0.751,0.737,2422719,179615555.169,1.86,-1.6,-0.012,3.48
2024-07-16,0.737,0.746,0.748,0.731,2509518,185554698.258,2.3,0.81,0.006,3.61
2024-07-17,0.743,0.752,0.763,0.742,3450149,260635709.294,2.82,0.8,0.006,4.96
2024-07-18,0.74,0.748,0.75,0.728,3185983,235073973.432,2.93,-0.53,-0.004,4.58
2024-07-19,0.744,0.752,0.756,0.741,3261495,244996987.4,2.01,0.53,0.004,4.69
2024-07-22,0.75,0.755,0.759,0.742,2744671,206168063.076,2.26,0.4,0.003,3.95
2024-07-23,0.759,0.73,0.761,0.73,3108509,231267188.163,4.11,-3.31,-0.025,4.47
2024-07-24,0.725,0.713,0.733,0.711,2954797,212950484.9,3.01,-2.33,-0.017,4.25
2024-07-25,0.708,0.722,0.731,0.705,3213888,231282074.1,3.65,1.26,0.009,4.62
2024-07-26,0.722,0.735,0.742,0.72,3189834,233614563.308,3.05,1.8,0.013,4.59
2024-07-29,0.737,0.739,0.744,0.724,2852997,210004533.07,2.72,0.54,0.004,4.1
2024-07-30,0.735,0.737,0.742,0.73,2590357,190750879.994,1.62,-0.27,-0.002,3.72
2024-07-31,0.738,0.769,0.77,0.736,4853814,367286395.371,4.61,4.34,0.032,6.98
2024-08-01,0.769,0.762,0.776,0.758,2720634,208682519.602,2.34,-0.91,-0.007,3.91
2024-08-02,0.755,0.749,0.77,0.748,3542707,269831590.044,2.89,-1.71,-0.013,5.09
2024-08-05,0.748,0.754,0.782,0.745,4950543,379931718.7,4.94,0.67,0.005,7.12
2024-08-06,0.766,0.779,0.784,0.76,4954967,382926310.656,3.18,3.32,0.025,7.12
2024-08-07,0.776,0.777,0.788,0.766,4233305,329216255.868,2.82,-0.26,-0.002,6.08
2024-08-08,0.773,0.769,0.774,0.756,3151466,241233459.649,2.32,-1.03,-0.008,4.53
2024-08-09,0.771,0.754,0.774,0.752,3182793,242184454.1,2.86,-1.95,-0.015,4.57
2024-08-12,0.75,0.742,0.753,0.739,2524462,187902498.8,1.86,-1.59,-0.012,3.63
2024-08-13,0.742,0.744,0.748,0.733,1863401,137808224.2,2.02,0.27,0.002,2.68
2024-08-14,0.745,0.756,0.766,0.738,3888099,293657291.963,3.76,1.61,0.012,5.59
2024-08-15,0.754,0.783,0.794,0.749,6062415,471075533.259,5.95,3.57,0.027,8.71
2024-08-16,0.782,0.771,0.784,0.769,4683170,362151570.1,1.92,-1.53,-0.012,6.73
2024-08-19,0.77,0.779,0.784,0.766,4404715,341478646.646,2.33,1.04,0.008,6.33
2024-08-20,0.777,0.764,0.784,0.759,4396587,338067869.2,3.21,-1.93,-0.015,6.32
2024-08-21,0.765,0.755,0.786,0.752,4584212,352147975.965,4.45,-1.18,-0.009,6.59
2024-08-22,0.747,0.727,0.759,0.724,4570176,337112870.4,4.64,-3.71,-0.028,6.57
2024-08-23,0.724,0.723,0.73,0.714,2802120,202373501.0,2.2,-0.55,-0.004,4.03
2024-08-26,0.723,0.729,0.734,0.715,2858369,207687123.209,2.63,0.83,0.006,4.11
2024-08-27,0.727,0.735,0.749,0.726,3775457,279072402.649,3.16,0.82,0.006,5.43
2024-08-28,0.73,0.739,0.742,0.714,3657913,266842049.1,3.81,0.54,0.004,5.26
2024-08-29,0.733,0.749,0.75,0.729,2759510,204728747.4,2.84,1.35,0.01,3.97
2024-08-30,0.747,0.773,0.782,0.745,6128685,471622909.52,4.94,3.2,0.024,8.81
2024-09-02,0.77,0.749,0.777,0.749,5251111,399611415.839,3.62,-3.1,-0.024,7.55
2024-09-03,0.748,0.758,0.763,0.745,2985838,225286436.0,2.4,1.2,0.009,4.29
2024-09-04,0.751,0.749,0.758,0.745,2207122,165642300.661,1.72,-1.19,-0.009,3.17
2024-09-05,0.75,0.775,0.783,0.749,5484267,422429081.9,4.54,3.47,0.026,7.88
2024-09-06,0.773,0.769,0.781,0.763,3105716,239385999.6,2.32,-0.77,-0.006,4.46
2024-09-09,0.764,0.766,0.774,0.756,2563187,196058635.7,2.34,-0.39,-0.003,3.68
2024-09-10,0.769,0.774,0.777,0.748,3763569,286990030.8,3.79,1.04,0.008,5.41
2024-09-11,0.767,0.777,0.779,0.765,3063576,236688715.9,1.81,0.39,0.003,4.4
2024-09-12,0.777,0.765,0.787,0.764,3856811,298372455.6,2.96,-1.54,-0.012,5.54
2024-09-13,0.768,0.755,0.772,0.753,3371473,256953456.479,2.48,-1.31,-0.01,4.85
2024-09-18,0.751,0.745,0.755,0.734,2745765,203793693.6,2.78,-1.32,-0.01,3.95
2024-09-19,0.747,0.765,0.77,0.741,3521122,267110281.891,3.89,2.68,0.02,5.06
2024-09-20,0.765,0.76,0.765,0.753,2487605,188664838.848,1.57,-0.65,-0.005,3.58
2024-09-23,0.758,0.755,0.767,0.753,2654104,201577725.23,1.84,-0.66,-0.005,3.81
2024-09-24,0.762,0.786,0.786,0.75,5206251,401573080.4,4.77,4.11,0.031,7.48
2024-09-25,0.801,0.796,0.823,0.792,7165958,577330305.2,3.94,1.27,0.01,10.3
2024-09-26,0.794,0.83,0.831,0.792,7492598,607374451.016,4.9,4.27,0.034,10.77
2024-09-27,0.846,0.887,0.899,0.837,11432568,987509385.949,7.47,6.87,0.057,16.43
2024-09-30,0.933,0.976,0.976,0.907,10569552,1001008868.628,7.78,10.03,0.089,15.19
2024-10-08,1.074,1.074,1.074,1.0,13799944,1459656426.346,7.58,10.04,0.098,19.84
2024-10-09,1.038,0.968,1.045,0.967,9077027,913389187.441,7.26,-9.87,-0.106,13.05
2024-10-10,0.976,0.947,0.998,0.933,10387538,1003351815.303,6.71,-2.17,-0.021,14.93
2024-10-11,0.94,0.901,0.942,0.887,5739666,523767238.457,5.81,-4.86,-0.046,8.25
2024-10-14,0.9,0.93,0.931,0.882,5661251,513079766.791,5.44,3.22,0.029,8.14
2024-10-15,0.915,0.929,0.965,0.912,6170547,583120917.187,5.7,-0.11,-0.001,8.87
2024-10-16,0.91,0.95,0.964,0.908,6454565,608405596.145,6.03,2.26,0.021,9.28
2024-10-17,0.954,0.967,0.993,0.946,7124701,691557671.939,4.95,1.79,0.017,10.24
2024-10-18,0.96,0.992,1.018,0.943,7779206,761786411.736,7.76,2.59,0.025,11.18
2024-10-21,0.985,1.038,1.056,0.985,9091959,934309306.407,7.16,4.64,0.046,13.07
2024-10-22,1.046,1.03,1.076,1.026,7985118,836729498.293,4.82,-0.77,-0.008,11.48
2024-10-23,1.023,1.009,1.03,1.004,8102874,824497591.004,2.52,-2.04,-0.021,11.65
2024-10-24,1.0,0.994,1.002,0.983,2788558,276737796.606,1.88,-1.49,-0.015,4.01
2024-10-25,0.994,1.026,1.035,0.994,5477833,556672783.268,4.12,3.22,0.032,7.87
2024-10-28,1.027,1.053,1.061,1.021,6679986,697901157.787,3.9,2.63,0.027,9.6
2024-10-29,1.067,1.035,1.068,1.032,5716278,598598615.254,3.42,-1.71,-0.018,8.22
2024-10-30,1.026,1.031,1.051,1.017,3460730,357446400.34,3.29,-0.39,-0.004,4.97
2024-10-31,1.026,1.029,1.051,1.009,3753473,387257799.49,4.07,-0.19,-0.002,5.4
2024-11-01,1.018,0.989,1.038,0.989,3608108,364498858.504,4.76,-3.89,-0.04,5.19
2024-11-04,0.987,1.013,1.02,0.987,3078573,309708085.279,3.34,2.43,0.024,4.43
2024-11-05,1.013,1.046,1.046,1.007,4589766,472738627.478,3.85,3.26,0.033,6.6
2024-11-06,1.049,1.081,1.103,1.038,12345044,1330993815.931,6.21,3.35,0.035,17.74
2024-11-07,1.063,1.087,1.089,1.052,12012763,1283777874.459,3.42,0.56,0.006,17.27
2024-11-08,1.09,1.066,1.098,1.06,7587481,817593222.287,3.5,-1.93,-0.021,10.91
2024-11-11,1.054,1.121,1.123,1.051,6842178,749256662.659,6.75,5.16,0.055,9.83
2024-11-12,1.116,1.084,1.12,1.072,7147286,783998263.503,4.28,-3.3,-0.037,10.27
2024-11-13,1.078,1.109,1.117,1.074,7995331,878506237.451,3.97,2.31,0.025,11.49
2024-11-14,1.113,1.083,1.141,1.08,4460678,497072148.5,5.5,-2.34,-0.026,6.41
2024-11-15,1.076,1.075,1.132,1.072,7655525,844835545.926,5.54,-0.74,-0.008,11.0
2024-11-18,1.086,1.009,1.088,1.0,6400555,652720171.434,8.19,-6.14,-0.066,9.2
2024-11-19,1.006,1.027,1.027,0.993,4653615,469416161.9,3.37,1.78,0.018,6.69
2024-11-20,1.023,1.064,1.076,1.019,6354786,669385129.294,5.55,3.6,0.037,9.13
2024-11-21,1.057,1.063,1.08,1.047,4827131,513155926.279,3.1,-0.09,-0.001,6.94
2024-11-22,1.056,1.043,1.099,1.04,4978048,535801345.958,5.55,-1.88,-0.02,7.16
2024-11-25,1.047,1.06,1.062,1.016,6598686,687169565.357,4.41,1.63,0.017,9.48
2024-11-26,1.054,1.05,1.097,1.044,8437724,900541880.158,5.0,-0.94,-0.01,12.13
2024-11-27,1.039,1.109,1.11,1.025,7064189,754083552.61,8.1,5.62,0.059,10.15
2024-11-28,1.11,1.09,1.135,1.086,6337275,703259006.149,4.42,-1.71,-0.019,9.11
2024-11-29,1.083,1.1,1.116,1.063,6613602,721235695.168,4.86,0.92,0.01,9.51
2024-12-02,1.095,1.117,1.128,1.094,5789639,645272113.949,3.09,1.55,0.017,8.32
2024-12-03,1.116,1.104,1.117,1.09,3547329,392220673.4,2.42,-1.16,-0.013,5.1
2024-12-04,1.098,1.07,1.102,1.062,5709704,616598734.533,3.62,-3.08,-0.034,8.21
2024-12-05,1.069,1.115,1.118,1.069,7506754,828954770.56,4.58,4.21,0.045,10.79
2024-12-06,1.118,1.14,1.155,1.106,7396504,835694272.323,4.39,2.24,0.025,10.63
2024-12-09,1.146,1.143,1.15,1.123,6252720,712803764.259,2.37,0.26,0.003,8.99
2024-12-10,1.183,1.143,1.183,1.141,6003897,699778583.278,3.67,0.0,0.0,8.63
2024-12-11,1.139,1.149,1.152,1.13,4208785,480926069.011,1.92,0.52,0.006,6.05
2024-12-12,1.146,1.158,1.171,1.138,4211888,485860288.298,2.87,0.78,0.009,6.05
2024-12-13,1.146,1.167,1.193,1.142,7708984,907603637.362,4.4,0.78,0.009,11.08
2024-12-16,1.168,1.129,1.173,1.122,4885478,554916416.907,4.37,-3.26,-0.038,7.02
2024-12-17,1.122,1.087,1.123,1.086,5264296,577508508.265,3.28,-3.72,-0.042,7.57
2024-12-18,1.088,1.101,1.111,1.077,4944978,541253935.817,3.13,1.29,0.014,7.11
2024-12-19,1.085,1.11,1.114,1.072,4117600,449452469.204,3.81,0.82,0.009,5.92
2024-12-20,1.104,1.109,1.124,1.102,3236022,360114043.286,1.98,-0.09,-0.001,4.65
2024-12-23,1.109,1.045,1.11,1.043,5683940,603887838.159,6.04,-5.77,-0.064,8.17
2024-12-24,1.045,1.053,1.055,1.038,4998051,523455370.7,1.63,0.77,0.008,7.18
2024-12-25,1.052,1.034,1.054,1.018,5314555,550693811.758,3.42,-1.8,-0.019,7.64
2024-12-26,1.033,1.036,1.048,1.033,3395407,353717514.119,1.45,0.19,0.002,4.88
2024-12-27,1.037,1.042,1.063,1.028,4430463,465399357.162,3.38,0.58,0.006,6.37
2024-12-30,1.041,1.042,1.051,1.021,3304881,343726184.756,2.88,0.0,0.0,4.75
2024-12-31,1.042,1.001,1.047,1.001,4559160,463856861.693,4.41,-3.93,-0.041,6.55
2025-01-02,1.002,0.973,1.009,0.959,5828032,575932351.625,5.0,-2.8,-0.028,8.38
2025-01-03,0.973,0.932,0.978,0.929,6017114,571312498.573,5.04,-4.21,-0.041,8.65
2025-01-06,0.93,0.926,0.942,0.919,4984528,463682739.177,2.47,-0.64,-0.006,7.16
2025-01-07,0.926,0.947,0.948,0.926,4237775,396384373.772,2.38,2.27,0.021,6.09
2025-01-08,0.94,0.943,0.95,0.913,4690505,438586433.2,3.91,-0.42,-0.004,6.74
2025-01-09,0.936,0.946,0.955,0.936,3265417,309414027.0,2.01,0.32,0.003,4.69
2025-01-10,0.944,0.924,0.962,0.923,3981044,375329548.2,4.12,-2.33,-0.022,5.72
2025-01-13,0.913,0.927,0.936,0.903,3738470,344639904.4,3.57,0.32,0.003,5.37
2025-01-14,0.934,0.974,0.975,0.928,6654131,635959570.3,5.07,5.07,0.047,9.56
2025-01-15,0.974,0.977,0.992,0.972,5257856,515423972.435,2.05,0.31,0.003,7.56
2025-01-16,0.98,0.976,1.004,0.968,5498721,540747297.275,3.68,-0.1,-0.001,7.9
2025-01-17,0.969,0.975,0.983,0.963,3030077,294833820.892,2.05,-0.1,-0.001,4.36
2025-01-20,0.979,0.981,0.991,0.973,3630399,356327657.1,1.85,0.62,0.006,5.22
2025-01-21,0.985,0.996,0.997,0.974,3894113,384712483.4,2.34,1.53,0.015,5.6
2025-01-22,0.991,0.981,0.992,0.973,3840563,377111189.3,1.91,-1.51,-0.015,5.52
2025-01-23,0.991,0.986,1.014,0.985,4386773,438330532.71,2.96,0.51,0.005,6.31
2025-01-24,0.98,1.009,1.011,0.976,4231469,422115499.779,3.55,2.33,0.023,6.08
2025-01-27,1.024,1.005,1.029,1.005,5264081,534849232.748,2.38,-0.4,-0.004,7.57
2025-02-05,1.041,1.075,1.076,1.033,6517805,688477211.143,4.28,6.97,0.07,9.37
2025-02-06,1.077,1.116,1.121,1.065,5463106,598281660.364,5.21,3.81,0.041,7.85
2025-02-07,1.117,1.138,1.155,1.115,7923367,897370419.077,3.58,1.97,0.022,11.39
2025-02-10,1.151,1.18,1.181,1.143,7252366,844097188.474,3.34,3.69,0.042,10.42
2025-02-11,1.181,1.191,1.205,1.171,6454093,766630754.76,2.88,0.93,0.011,9.28
2025-02-12,1.194,1.233,1.237,1.194,7907802,965425589.564,3.61,3.53,0.042,11.37
2025-02-13,1.241,1.244,1.269,1.219,6927319,862962124.764,4.06,0.89,0.011,9.96
2025-02-14,1.257,1.324,1.33,1.238,11575176,1470429647.31,7.4,6.43,0.08,16.64
2025-02-17,1.359,1.303,1.374,1.28,15325544,2024509939.952,7.1,-1.59,-0.021,22.03
2025-02-18,1.297,1.256,1.326,1.249,8183240,1050263579.089,5.91,-3.61,-0.047,11.76
2025-02-19,1.243,1.279,1.283,1.242,5646758,714745173.503,3.26,1.83,0.023,8.12
2025-02-20,1.271,1.259,1.288,1.249,2725303,345584610.001,3.05,-1.56,-0.02,3.92
2025-02-21,1.259,1.298,1.302,1.243,6354865,814131371.066,4.69,3.1,0.039,9.13
2025-02-24,1.287,1.277,1.29,1.263,2980977,380831059.382,2.08,-1.62,-0.021,4.28
2025-02-25,1.251,1.233,1.252,1.223,2773152,342876401.588,2.27,-3.45,-0.044,3.99
2025-02-26,1.244,1.236,1.256,1.227,3687322,456883422.451,2.35,0.24,0.003,5.3
2025-02-27,1.235,1.242,1.259,1.217,4564319,565195983.809,3.4,0.49,0.006,6.56
2025-02-28,1.231,1.175,1.236,1.17,3579638,430302825.197,5.31,-5.39,-0.067,5.15
2025-03-03,1.179,1.196,1.221,1.165,4092012,490236851.874,4.77,1.79,0.021,5.88
2025-03-04,1.18,1.192,1.206,1.176,2839475,339091885.4,2.51,-0.33,-0.004,4.08
2025-03-05,1.188,1.196,1.2,1.176,2318148,275141868.164,2.01,0.34,0.004,3.33
2025-03-06,1.21,1.256,1.266,1.206,6530730,811166607.624,5.02,5.02,0.06,9.39
2025-03-07,1.254,1.238,1.265,1.229,4447297,555956493.672,2.87,-1.43,-0.018,6.39
2025-03-10,1.236,1.219,1.241,1.21,3628843,442245502.522,2.5,-1.53,-0.019,5.22
2025-03-11,1.199,1.219,1.223,1.199,2337669,283321961.476,1.97,0.0,0.0,3.36
2025-03-12,1.227,1.235,1.252,1.219,3271003,404424222.912,2.71,1.31,0.016,4.7
2025-03-13,1.229,1.214,1.233,1.198,2621244,317352716.188,2.83,-1.7,-0.021,3.77
2025-03-14,1.211,1.264,1.266,1.202,5927897,735514658.739,5.27,4.12,0.05,8.52
2025-03-17,1.276,1.25,1.286,1.243,4027937,507720269.252,3.4,-1.11,-0.014,5.79
2025-03-18,1.246,1.237,1.259,1.233,6513428,811466328.621,2.08,-1.04,-0.013,9.36
2025-03-19,1.234,1.217,1.239,1.21,3598299,439415202.8,2.34,-1.62,-0.02,5.17
2025-03-20,1.216,1.197,1.216,1.196,3060480,369200135.236,1.64,-1.64,-0.02,4.4
2025-03-21,1.19,1.167,1.198,1.165,3251836,383927311.1,2.76,-2.51,-0.03,4.67
2025-03-24,1.172,1.164,1.18,1.138,4225675,491950335.95,3.6,-0.26,-0.003,6.07
2025-03-25,1.162,1.137,1.164,1.13,4370288,499695013.09,2.92,-2.32,-0.027,6.28
2025-03-26,1.136,1.136,1.147,1.135,2486209,283333332.85,1.06,-0.09,-0.001,3.57
2025-03-27,1.134,1.136,1.151,1.125,3893731,444136518.2,2.29,0.0,0.0,5.6
2025-03-28,1.139,1.14,1.155,1.137,5140409,588638241.8,1.58,0.35,0.004,7.39
2025-03-31,1.131,1.124,1.134,1.1,2882897,321843751.5,2.98,-1.4,-0.016,4.14
2025-04-01,1.125,1.123,1.142,1.119,2498180,282559918.725,2.05,-0.09,-0.001,3.59
2025-04-02,1.121,1.126,1.145,1.12,2640877,299874143.0,2.23,0.27,0.003,3.8
2025-04-03,1.111,1.126,1.134,1.111,2353317,265041910.9,2.04,0.0,0.0,3.38
2025-04-07,1.064,1.013,1.073,1.013,3053777,313261105.084,5.33,-10.04,-0.113,4.39
2025-04-08,0.97,0.983,1.006,0.958,4639329,453765833.725,4.74,-2.96,-0.03,6.67
2025-04-09,0.958,1.015,1.022,0.926,5086148,501842084.781,9.77,3.26,0.032,7.31
2025-04-10,1.035,1.035,1.057,1.032,6215534,648204263.13,2.46,1.97,0.02,8.93
2025-04-11,1.027,1.034,1.046,1.024,3809588,394974048.159,2.13,-0.1,-0.001,5.48
2025-04-14,1.042,1.05,1.06,1.042,3685965,387413192.3,1.74,1.55,0.016,5.3
2025-04-15,1.051,1.059,1.071,1.045,4823245,509164719.203,2.48,0.86,0.009,6.93
2025-04-16,1.049,1.046,1.064,1.034,3850971,404204280.667,2.83,-1.23,-0.013,5.54
2025-04-17,1.037,1.048,1.057,1.035,2133503,223810888.6,2.1,0.19,0.002,3.07
2025-04-18,1.045,1.062,1.062,1.041,2336205,246004801.074,2.0,1.34,0.014,3.36
2025-04-21,1.056,1.091,1.092,1.048,4006789,431085571.6,4.14,2.73,0.029,5.76
2025-04-22,1.093,1.074,1.095,1.071,4425862,478178003.3,2.2,-1.56,-0.017,6.36
2025-04-23,1.08,1.078,1.086,1.072,3146435,339704921.464,1.3,0.37,0.004,4.52
2025-04-24,1.078,1.057,1.079,1.049,3338224,354198044.478,2.78,-1.95,-0.021,4.8
2025-04-25,1.061,1.061,1.075,1.055,2836403,301718102.97,1.89,0.38,0.004,4.08
2025-04-28,1.058,1.075,1.092,1.058,4724830,509486526.025,3.2,1.32,0.014,6.79
2025-04-29,1.067,1.083,1.089,1.065,2911846,315251927.979,2.23,0.74,0.008,4.19
2025-04-30,1.08,1.093,1.104,1.08,3461905,379521925.046,2.22,0.92,0.01,4.98
2025-05-06,1.1,1.123,1.124,1.093,4153575,462346941.854,2.84,2.74,0.03,5.97
2025-05-07,1.137,1.109,1.137,1.099,4565885,509200506.416,3.38,-1.25,-0.014,6.56
2025-05-08,1.103,1.117,1.122,1.102,2694121,300334471.746,1.8,0.72,0.008,3.87
2025-05-09,1.114,1.095,1.115,1.091,2764005,303328737.14,2.15,-1.97,-0.022,3.97
2025-05-12,1.102,1.107,1.109,1.1,1926796,212734793.87,0.82,1.1,0.012,2.77
2025-05-13,1.119,1.104,1.12,1.102,2077862,230642672.6,1.63,-0.27,-0.003,2.99
2025-05-14,1.102,1.105,1.115,1.093,2497101,275321953.911,1.99,0.09,0.001,3.59
2025-05-15,1.106,1.073,1.106,1.069,3030706,326808411.896,3.35,-2.9,-0.032,4.36
2025-05-16,1.07,1.074,1.082,1.07,2835113,304933455.3,1.12,0.09,0.001,4.08
2025-05-19,1.07,1.076,1.077,1.056,3005907,320670860.725,1.96,0.19,0.002,4.32
2025-05-20,1.073,1.097,1.108,1.065,3988026,434322180.435,4.0,1.95,0.021,5.73
2025-05-21,1.096,1.092,1.097,1.088,1608406,175691289.1,0.82,-0.46,-0.005,2.31
2025-05-22,1.09,1.114,1.123,1.087,6313501,699673077.86,3.3,2.01,0.022,9.07
2025-05-23,1.109,1.087,1.113,1.086,3316863,364724495.724,2.42,-2.42,-0.027,4.77
2025-05-26,1.089,1.119,1.13,1.089,5052660,563705403.619,3.77,2.94,0.032,7.26
2025-05-27,1.113,1.109,1.117,1.103,2760184,306356432.494,1.25,-0.89,-0.01,3.97
2025-05-28,1.107,1.101,1.111,1.096,2283242,251420821.694,1.35,-0.72,-0.008,3.28
2025-05-29,1.099,1.125,1.125,1.095,2914114,324821023.012,2.72,2.18,0.024,4.19
2025-05-30,1.119,1.109,1.14,1.108,3196699,358314245.634,2.84,-1.42,-0.016,4.59
2025-06-03,1.104,1.143,1.169,1.104,5928627,681426640.282,5.86,3.07,0.034,8.52
2025-06-04,1.136,1.151,1.164,1.133,3814847,439448798.006,2.71,0.7,0.008,5.48
2025-06-05,1.151,1.171,1.175,1.146,4749091,552648810.576,2.52,1.74,0.02,6.83
2025-06-06,1.167,1.16,1.181,1.149,3014950,349114700.765,2.73,-0.94,-0.011,4.33
2025-06-09,1.159,1.168,1.172,1.153,2915651,339629791.139,1.64,0.69,0.008,4.19
2025-06-10,1.169,1.166,1.173,1.139,3881587,449075143.121,2.91,-0.17,-0.002,5.58
2025-06-11,1.167,1.192,1.198,1.162,4188460,494407492.821,3.09,2.23,0.026,6.02
2025-06-12,1.188,1.214,1.227,1.182,5678365,688753596.527,3.78,1.85,0.022,8.16
2025-06-13,1.206,1.192,1.206,1.183,4674627,557434343.935,1.89,-1.81,-0.022,6.72
2025-06-16,1.191,1.247,1.262,1.19,8699439,1076641393.299,6.04,4.61,0.055,12.5
2025-06-17,1.246,1.213,1.249,1.207,6228832,762959108.988,3.37,-2.73,-0.034,8.95
2025-06-18,1.21,1.207,1.223,1.196,3837149,462835090.758,2.23,-0.49,-0.006,5.52
2025-06-19,1.199,1.198,1.23,1.188,6020076,728817299.312,3.48,-0.75,-0.009,8.65
2025-06-20,1.205,1.176,1.211,1.173,4245469,503444898.1,3.17,-1.84,-0.022,6.1
2025-06-23,1.16,1.181,1.196,1.16,3590931,423498896.5,3.06,0.43,0.005,5.16
2025-06-24,1.188,1.212,1.23,1.187,6828471,828598296.792,3.64,2.62,0.031,9.82
2025-06-25,1.212,1.221,1.225,1.201,5655728,686095072.402,1.98,0.74,0.009,8.13
2025-06-26,1.22,1.222,1.235,1.208,4479159,547849968.0,2.21,0.08,0.001,6.44
2025-06-27,1.224,1.211,1.225,1.198,3993212,483414395.3,2.21,-0.9,-0.011,5.74
2025-06-30,1.214,1.283,1.291,1.214,9933696,1256318907.366,6.36,5.95,0.072,14.28
2025-07-01,1.282,1.282,1.293,1.272,4663790,597157702.417,1.64,-0.08,-0.001,6.7
2025-07-02,1.281,1.266,1.283,1.261,3566076,453610708.264,1.72,-1.25,-0.016,5.13
2025-07-03,1.268,1.265,1.281,1.244,4855408,611328920.566,2.92,-0.08,-0.001,6.98
2025-07-04,1.259,1.293,1.311,1.259,8198706,1053776857.981,4.11,2.21,0.028,11.78
2025-07-07,1.29,1.28,1.31,1.276,4813845,620938667.813,2.63,-1.01,-0.013,6.92
2025-07-08,1.277,1.315,1.326,1.272,6502882,850774335.072,4.22,2.73,0.035,9.35
2025-07-09,1.313,1.325,1.326,1.31,3395988,447911659.324,1.22,0.76,0.01,4.88
2025-07-10,1.322,1.317,1.334,1.299,4722140,621072096.356,2.64,-0.6,-0.008,6.79
2025-07-11,1.312,1.312,1.317,1.3,6223273,813390308.202,1.29,-0.38,-0.005,8.95
2025-07-14,1.302,1.278,1.304,1.261,6413462,819300750.56,3.28,-2.59,-0.034,9.22
2025-07-15,1.275,1.286,1.292,1.275,5451690,700262572.151,1.33,0.63,0.008,7.84
2025-07-16,1.283,1.283,1.305,1.273,4586015,591339557.554,2.49,-0.23,-0.003,6.59
2025-07-17,1.278,1.289,1.291,1.271,4400876,565191021.934,1.56,0.47,0.006,6.33
2025-07-18,1.291,1.27,1.292,1.265,8272045,1055270300.081,2.09,-1.47,-0.019,11.89
2025-07-21,1.271,1.283,1.292,1.27,6260293,803001918.293,1.73,1.02,0.013,9.0
2025-07-22,1.277,1.265,1.291,1.26,4945548,627661335.025,2.42,-1.4,-0.018,7.11
2025-07-23,1.267,1.27,1.275,1.261,4505486,571940977.977,1.11,0.4,0.005,6.48
2025-07-24,1.27,1.276,1.276,1.261,3785215,480494589.454,1.18,0.47,0.006,5.44
2025-07-25,1.278,1.274,1.28,1.265,4653396,591335624.67,1.18,-0.16,-0.002,6.69
2025-07-28,1.275,1.282,1.29,1.265,4895737,627049437.416,1.96,0.63,0.008,7.04
2025-07-29,1.279,1.297,1.297,1.262,7636072,979253335.0,2.73,1.17,0.015,10.98
2025-07-30,1.293,1.311,1.321,1.285,7652163,998217402.854,2.78,1.08,0.014,11.0
2025-07-31,1.312,1.276,1.312,1.271,5468456,705240132.364,3.13,-2.67,-0.035,7.86
2025-08-01,1.275,1.281,1.282,1.252,6120341,774503673.075,2.35,0.39,0.005,8.8
2025-08-04,1.272,1.322,1.329,1.27,9413185,1232678032.119,4.61,3.2,0.041,13.53
2025-08-05,1.321,1.344,1.356,1.316,7620878,1020551701.488,3.03,1.66,0.022,10.95
2025-08-06,1.347,1.372,1.375,1.346,8105545,1102653791.399,2.16,2.08,0.028,11.65
2025-08-07,1.37,1.377,1.379,1.36,4020545,551354528.063,1.38,0.36,0.005,5.78
2025-08-08,1.377,1.361,1.382,1.349,5542719,756733086.118,2.4,-1.16,-0.016,7.97
2025-08-11,1.351,1.363,1.37,1.345,4776784,649964836.928,1.84,0.15,0.002,6.87
2025-08-12,1.365,1.361,1.379,1.356,3915516,534269426.599,1.69,-0.15,-0.002,5.63
2025-08-13,1.362,1.378,1.39,1.355,4200876,576987123.563,2.57,1.25,0.017,6.04
2025-08-14,1.384,1.39,1.411,1.379,4636649,647427753.17,2.32,0.87,0.012,6.66
2025-08-15,1.381,1.39,1.396,1.366,5075980,701721962.605,2.16,0.0,0.0,7.3
2025-08-18,1.396,1.407,1.411,1.393,4707870,659943529.002,1.29,1.22,0.017,6.77
2025-08-19,1.406,1.39,1.414,1.387,3662111,512003487.8,1.92,-1.21,-0.017,5.26
2025-08-20,1.389,1.413,1.42,1.385,5176062,726615429.471,2.52,1.65,0.023,7.44
2025-08-21,1.413,1.425,1.439,1.397,5304178,751685872.31,2.97,0.85,0.012,7.62
2025-08-22,1.425,1.451,1.456,1.416,5352088,770387087.099,2.81,1.82,0.026,7.69
2025-08-25,1.459,1.469,1.474,1.425,5640797,817208563.402,3.38,1.24,0.018,8.11
2025-08-26,1.466,1.502,1.524,1.466,6367277,957754062.071,3.95,2.25,0.033,9.15
2025-08-27,1.504,1.461,1.52,1.46,6921983,1034164700.617,3.99,-2.73,-0.041,9.95
2025-08-28,1.454,1.473,1.473,1.421,5963463,864683828.753,3.56,0.82,0.012,8.57
2025-08-29,1.472,1.476,1.488,1.459,3064234,451570508.8,1.97,0.2,0.003,4.4
2025-09-01,1.478,1.461,1.478,1.445,3993382,581782592.968,2.24,-1.02,-0.015,5.74
2025-09-02,1.459,1.427,1.469,1.409,5035892,722625977.698,4.11,-2.33,-0.034,7.24
2025-09-03,1.43,1.448,1.486,1.424,5437969,796013517.65,4.34,1.47,0.021,7.82
2025-09-04,1.446,1.414,1.47,1.391,4524023,647470308.919,5.46,-2.35,-0.034,6.5
2025-09-05,1.413,1.471,1.475,1.4,5661972,819452300.285,5.3,4.03,0.057,8.14
2025-09-08,1.469,1.525,1.534,1.464,5290548,792099648.521,4.76,3.67,0.054,7.6
2025-09-09,1.517,1.515,1.546,1.494,5151917,780756088.328,3.41,-0.66,-0.01,7.41
2025-09-10,1.501,1.546,1.558,1.501,5056872,776436926.539,3.76,2.05,0.031,7.27
2025-09-11,1.536,1.562,1.567,1.485,5397782,823929751.62,5.3,1.03,0.016,7.76
2025-09-12,1.548,1.531,1.565,1.529,3853810,593904031.44,2.3,-1.98,-0.031,5.54
2025-09-15,1.525,1.598,1.61,1.52,6024297,953188717.954,5.88,4.38,0.067,8.66
2025-09-16,1.595,1.597,1.608,1.577,5287129,843155665.652,1.94,-0.06,-0.001,7.6
2025-09-17,1.596,1.644,1.65,1.592,6331948,1028095584.255,3.63,2.94,0.047,9.1
2025-09-18,1.634,1.619,1.683,1.592,6241351,1023480090.2,5.54,-1.52,-0.025,8.97
2025-09-19,1.607,1.612,1.631,1.599,3740287,604255972.874,1.98,-0.43,-0.007,5.38
2025-09-22,1.605,1.589,1.61,1.571,4380689,695100712.926,2.42,-1.43,-0.023,6.3
2025-09-23,1.587,1.577,1.6,1.543,5143076,809987021.418,3.59,-0.76,-0.012,7.39
2025-09-24,1.57,1.645,1.651,1.564,5811366,938283995.146,5.52,4.31,0.068,8.35
2025-09-25,1.644,1.677,1.707,1.642,4539765,764238076.314,3.95,1.95,0.032,6.53
2025-09-26,1.666,1.608,1.669,1.602,7532086,1223876097.692,4.0,-4.11,-0.069,10.83
2025-09-29,1.601,1.613,1.624,1.594,5451014,877317896.69,1.87,0.31,0.005,7.84
2025-09-30,1.616,1.606,1.621,1.598,3480499,559357247.789,1.43,-0.43,-0.007,5.0
2025-10-09,1.606,1.561,1.606,1.542,8950550,1397416862.361,3.99,-2.8,-0.045,12.87
2025-10-10,1.551,1.508,1.558,1.5,6840447,1048040220.632,3.72,-3.4,-0.053,9.83
2025-10-13,1.44,1.485,1.492,1.44,4827586,712851940.742,3.45,-1.53,-0.023,6.94
2025-10-14,1.49,1.46,1.52,1.452,4705676,700445336.044,4.58,-1.68,-0.025,6.76
2025-10-15,1.459,1.47,1.47,1.418,6533656,949699611.022,3.56,0.68,0.01,9.39
2025-10-16,1.465,1.443,1.466,1.435,4758180,689765284.001,2.11,-1.84,-0.027,6.84
2025-10-17,1.436,1.4,1.449,1.399,3840719,545062550.578,3.47,-2.98,-0.043,5.52
2025-10-20,1.416,1.419,1.43,1.408,3738613,531086464.231,1.57,1.36,0.019,5.37
2025-10-21,1.426,1.452,1.452,1.419,5739412,824609221.864,2.33,2.33,0.033,8.25
2025-10-22,1.445,1.451,1.466,1.438,3842680,558610249.03,1.93,-0.07,-0.001,5.52
2025-10-23,1.454,1.457,1.457,1.425,3402740,489907279.086,2.21,0.41,0.006,4.89
2025-10-24,1.46,1.472,1.473,1.445,4513797,659133212.531,1.92,1.03,0.015,6.49
2025-10-27,1.488,1.446,1.488,1.428,7404365,1070471512.088,4.08,-1.77,-0.026,10.64
2025-10-28,1.44,1.431,1.447,1.418,5174516,741230962.932,2.01,-1.04,-0.015,7.44
2025-10-29,1.434,1.469,1.473,1.434,6879968,1006131158.462,2.73,2.66,0.038,9.89
2025-10-30,1.468,1.416,1.472,1.408,8048676,1148160884.395,4.36,-3.61,-0.053,11.57
2025-10-31,1.423,1.427,1.438,1.414,5108676,730856313.267,1.69,0.78,0.011,7.34
2025-11-03,1.447,1.482,1.483,1.447,6812386,1000952983.462,2.52,3.85,0.055,9.79
2025-11-04,1.48,1.453,1.48,1.44,4301247,626556171.452,2.7,-1.96,-0.029,6.18
2025-11-05,1.428,1.447,1.451,1.422,4663630,670521915.968,2.0,-0.41,-0.006,6.7
2025-11-06,1.442,1.446,1.447,1.425,4192256,602559563.279,1.52,-0.07,-0.001,6.03
2025-11-07,1.438,1.42,1.442,1.419,3674497,524594667.475,1.59,-1.8,-0.026,5.28
2025-11-10,1.418,1.414,1.43,1.407,3922989,555663827.628,1.62,-0.42,-0.006,5.64
2025-11-11,1.416,1.406,1.425,1.401,4781774,675336069.791,1.7,-0.57,-0.008,6.87
2025-11-12,1.404,1.399,1.421,1.392,3718273,522271890.751,2.06,-0.5,-0.007,5.34
2025-11-13,1.391,1.406,1.408,1.387,3540444,495513945.797,1.5,0.5,0.007,5.09
2025-11-14,1.395,1.382,1.403,1.379,2735366,380689993.706,1.71,-1.71,-0.024,3.93
2025-11-17,1.377,1.378,1.381,1.357,3179772,436058325.2,1.74,-0.29,-0.004,4.57
2025-11-18,1.377,1.395,1.402,1.373,5100995,709915741.921,2.1,1.23,0.017,7.33
2025-11-19,1.394,1.368,1.394,1.361,3455572,474534177.45,2.37,-1.94,-0.027,4.97
2025-11-20,1.372,1.35,1.377,1.35,4135656,561608331.981,1.97,-1.32,-0.018,5.94
2025-11-21,1.337,1.343,1.37,1.335,4508060,609801385.34,2.59,-0.52,-0.007,6.48
2025-11-24,1.348,1.387,1.393,1.336,6200854,851069917.867,4.24,3.28,0.044,8.91
2025-11-25,1.391,1.444,1.454,1.385,11901380,1706846314.686,4.97,4.11,0.057,17.11
2025-11-26,1.438,1.427,1.451,1.422,6406668,921448199.993,2.01,-1.18,-0.017,9.21
2025-11-27,1.425,1.409,1.449,1.406,3953381,564021824.237,3.01,-1.26,-0.018,5.68
2025-11-28,1.402,1.408,1.424,1.397,3222565,453615962.958,1.92,-0.07,-0.001,4.63
2025-12-01,1.407,1.43,1.43,1.401,4539163,644495828.844,2.06,1.56,0.022,6.52
2025-12-02,1.43,1.405,1.432,1.402,3100015,438473683.355,2.1,-1.75,-0.025,4.46
2025-12-03,1.407,1.372,1.411,1.368,3554947,491223272.772,3.06,-2.35,-0.033,5.11
2025-12-04,1.372,1.374,1.383,1.363,3769025,517388226.124,1.46,0.15,0.002,5.42
2025-12-05,1.375,1.385,1.388,1.365,3119989,429962073.653,1.67,0.8,0.011,4.48
2025-12-08,1.386,1.404,1.414,1.386,4629175,649997225.039,2.02,1.37,0.019,6.65
2025-12-09,1.404,1.4,1.419,1.394,3360229,472142221.806,1.78,-0.28,-0.004,4.83
2025-12-10,1.398,1.419,1.422,1.378,4901892,690150563.932,3.14,1.36,0.019,7.05
2025-12-11,1.415,1.396,1.416,1.395,2895318,406323016.31,1.48,-1.62,-0.023,4.16
2025-12-12,1.396,1.405,1.41,1.386,2754244,385229752.606,1.72,0.64,0.009,3.96
2025-12-15,1.396,1.395,1.419,1.391,2777743,390566672.7,1.99,-0.71,-0.01,3.99
2025-12-16,1.387,1.363,1.4,1.354,4275037,586396520.482,3.3,-2.29,-0.032,6.14
2025-12-17,1.36,1.406,1.41,1.36,4513586,628409574.3,3.67,3.15,0.043,6.49
2025-12-18,1.397,1.419,1.448,1.395,5596414,797428893.384,3.77,0.92,0.013,8.04
2025-12-19,1.419,1.439,1.442,1.408,5313398,760115898.526,2.4,1.41,0.02,7.64
2025-12-22,1.439,1.43,1.447,1.419,5719988,818910851.244,1.95,-0.63,-0.009,8.22
2025-12-23,1.431,1.446,1.464,1.422,6062919,874063145.881,2.94,1.12,0.016,8.71
2025-12-24,1.439,1.441,1.443,1.415,7045534,1007205718.485,1.94,-0.35,-0.005,10.13
2025-12-25,1.435,1.443,1.448,1.427,4147444,597119797.462,1.46,0.14,0.002,5.96
2025-12-26,1.443,1.446,1.455,1.432,4567033,660071949.998,1.59,0.21,0.003,6.56
2025-12-29,1.441,1.429,1.446,1.421,4072480,583166177.748,1.73,-1.18,-0.017,5.85
2025-12-30,1.425,1.436,1.456,1.421,3128804,450382391.7,2.45,0.49,0.007,4.5
2025-12-31,1.437,1.44,1.451,1.427,2976219,428395868.171,1.67,0.28,0.004,4.28
2026-01-05,1.45,1.504,1.504,1.45,6136855,914511621.817,3.75,4.44,0.064,8.82
2026-01-06,1.506,1.521,1.522,1.496,6849264,1036107398.461,1.73,1.13,0.017,9.85
2026-01-07,1.524,1.518,1.549,1.512,7648851,1166758364.78,2.43,-0.2,-0.003,10.99
2026-01-08,1.507,1.537,1.55,1.507,7006755,1071897155.509,2.83,1.25,0.019,10.07
2026-01-09,1.529,1.581,1.582,1.525,6887450,1070140215.574,3.71,2.86,0.044,9.9
2026-01-12,1.615,1.7,1.7,1.606,12292867,2037142806.128,5.95,7.53,0.119,17.67
2026-01-13,1.733,1.686,1.748,1.654,8960797,1523552812.09,5.53,-0.82,-0.014,12.88
2026-01-14,1.664,1.691,1.759,1.662,10819723,1845717442.629,5.75,0.3,0.005,15.55
2026-01-15,1.666,1.662,1.702,1.645,7451652,1241738605.41,3.37,-1.71,-0.029,10.71
2026-01-16,1.662,1.61,1.667,1.595,8511379,1377794589.507,4.33,-3.13,-0.052,12.23
2026-01-19,1.6,1.629,1.645,1.6,5257991,856959009.05,2.8,1.18,0.019,7.56
2026-01-20,1.637,1.608,1.657,1.593,4736626,764650446.109,3.93,-1.29,-0.021,6.81
2026-01-21,1.592,1.604,1.624,1.592,2904325,467261224.854,1.99,-0.25,-0.004,4.17
2026-01-22,1.608,1.603,1.625,1.59,4015956,645752868.39,2.18,-0.06,-0.001,5.77
2026-01-23,1.61,1.622,1.631,1.593,4249333,686392111.942,2.37,1.19,0.019,6.11
2026-01-26,1.621,1.581,1.622,1.554,5476283,865668403.315,4.19,-2.53,-0.041,7.87
2026-01-27,1.578,1.582,1.591,1.54,3997194,625291398.896,3.23,0.06,0.001,5.75
2026-01-28,1.576,1.57,1.601,1.566,3421071,539889924.651,2.21,-0.76,-0.012,4.92
2026-01-29,1.562,1.591,1.629,1.547,5580399,894472960.935,5.22,1.34,0.021,8.02
2026-01-30,1.58,1.59,1.603,1.557,5438680,863194341.014,2.89,-0.06,-0.001,7.82
2026-02-02,1.585,1.534,1.608,1.531,5067339,796536379.19,4.84,-3.52,-0.056,7.28
2026-02-03,1.554,1.577,1.592,1.52,5562559,866832444.417,4.69,2.8,0.043,8.0
2026-02-04,1.559,1.528,1.567,1.51,4144669,634507268.545,3.61,-3.11,-0.049,5.96
2026-02-05,1.511,1.531,1.542,1.505,5219846,799004144.415,2.42,0.2,0.003,7.5
2026-02-06,1.517,1.539,1.562,1.488,4415935,677357973.02,4.83,0.52,0.008,6.35
2026-02-09,1.562,1.583,1.586,1.562,2870805,453029438.842,1.56,2.86,0.044,4.13
2026-02-10,1.596,1.671,1.693,1.586,12291368,2032202472.814,6.76,5.56,0.088,17.67
2026-02-11,1.66,1.671,1.711,1.655,9095720,1529910076.933,3.35,0.0,0.0,13.07
2026-02-12,1.652,1.635,1.663,1.615,5779861,943699484.858,2.87,-2.15,-0.036,8.31
2026-02-13,1.628,1.623,1.641,1.615,3380570,550647893.534,1.59,-0.73,-0.012,4.86
2026-02-24,1.604,1.546,1.605,1.531,6064633,939148284.591,4.56,-4.74,-0.077,8.72
2026-02-25,1.548,1.537,1.553,1.53,3659808,562816382.185,1.49,-0.58,-0.009,5.26
2026-02-26,1.547,1.513,1.553,1.508,4886308,744066771.67,2.93,-1.56,-0.024,7.02
2026-02-27,1.507,1.517,1.536,1.503,6163698,936269935.162,2.18,0.26,0.004,8.86
2026-03-02,1.479,1.468,1.499,1.456,5066118,745744354.279,2.83,-3.23,-0.049,7.28
2026-03-03,1.468,1.4,1.476,1.397,4439868,634849915.756,5.38,-4.63,-0.068,6.38
2026-03-04,1.38,1.388,1.41,1.38,4541795,632564597.75,2.14,-0.86,-0.012,6.53
2026-03-05,1.407,1.409,1.422,1.39,6681006,935507931.576,2.31,1.51,0.021,9.6
2026-03-06,1.393,1.411,1.411,1.39,3991395,559233137.2,1.49,0.14,0.002,5.74
2026-03-09,1.39,1.41,1.413,1.366,6072986,842575093.754,3.33,-0.07,-0.001,8.73
2026-03-10,1.419,1.431,1.441,1.416,3324425,474285588.9,1.77,1.49,0.021,4.78
2026-03-11,1.433,1.421,1.445,1.42,3130483,447644518.8,1.75,-0.7,-0.01,4.5
2026-03-12,1.418,1.401,1.424,1.398,2453418,345655407.535,1.83,-1.41,-0.02,3.53
2026-03-13,1.411,1.382,1.43,1.375,4738448,661191679.736,3.93,-1.36,-0.019,6.81
2026-03-16,1.371,1.38,1.385,1.358,2414467,331046667.236,1.95,-0.14,-0.002,3.47
2026-03-17,1.386,1.372,1.407,1.369,2658820,368257769.3,2.75,-0.58,-0.008,3.82
2026-03-18,1.373,1.384,1.385,1.36,3079379,423146955.884,1.82,0.87,0.012,4.43
2026-03-19,1.361,1.344,1.364,1.338,3509483,473006484.838,1.88,-2.89,-0.04,5.04
2026-03-20,1.342,1.304,1.354,1.303,3477042,460427521.642,3.79,-2.98,-0.04,5.0
2026-03-23,1.278,1.237,1.283,1.23,6840286,861473664.532,4.06,-5.14,-0.067,9.83
2026-03-24,1.256,1.265,1.266,1.241,4720719,591481419.427,2.02,2.26,0.028,6.79
2026-03-25,1.272,1.297,1.308,1.271,2982512,386640285.356,2.92,2.53,0.032,4.29
2026-03-26,1.297,1.268,1.301,1.264,2429189,310836751.34,2.85,-2.24,-0.029,3.49
2026-03-27,1.252,1.283,1.29,1.251,2420608,309816580.034,3.08,1.18,0.015,3.48
2026-03-30,1.266,1.275,1.277,1.249,2132774,270217025.331,2.18,-0.62,-0.008,3.07
2026-03-31,1.275,1.263,1.295,1.263,2370985,303946877.6,2.51,-0.94,-0.012,3.41
2026-04-01,1.285,1.334,1.336,1.28,5604182,737182749.943,4.43,5.62,0.071,8.06
2026-04-02,1.327,1.303,1.328,1.294,3621805,473351624.492,2.55,-2.32,-0.031,5.21
2026-04-03,1.306,1.276,1.313,1.272,2470003,317346170.421,3.15,-2.07,-0.027,3.55
2026-04-07,1.277,1.278,1.288,1.266,1929725,246543458.169,1.72,0.16,0.002,2.77
2026-04-08,1.31,1.353,1.353,1.31,5017949,667677934.027,3.36,5.87,0.075,7.21
2026-04-09,1.335,1.32,1.335,1.313,3174460,418918041.172,1.63,-2.44,-0.033,4.56
2026-04-10,1.327,1.352,1.366,1.325,3360340,454383014.681,3.11,2.42,0.032,4.83
2026-04-13,1.344,1.302,1.344,1.294,5539465,723568086.303,3.7,-3.7,-0.05,7.96
2026-04-14,1.312,1.311,1.319,1.3,3881520,507390025.2,1.46,0.69,0.009,5.58
2026-04-15,1.318,1.316,1.34,1.311,3919586,519810136.186,2.21,0.38,0.005,5.63
2026-04-16,1.317,1.35,1.355,1.313,4411862,589923789.921,3.19,2.58,0.034,6.34
2026-04-17,1.336,1.33,1.337,1.319,3286653,435696679.282,1.33,-1.48,-0.02,4.72
2026-04-20,1.329,1.33,1.332,1.323,3059030,405971071.177,0.68,0.0,0.0,4.4
2026-04-21,1.327,1.33,1.339,1.316,2710620,359669382.588,1.73,0.0,0.0,3.9
2026-04-22,1.32,1.318,1.32,1.303,2720192,356285028.435,1.28,-0.9,-0.012,3.91
2026-04-23,1.316,1.301,1.32,1.287,5158802,670719055.785,2.5,-1.29,-0.017,7.42
2026-04-24,1.291,1.275,1.292,1.257,3433863,436214118.307,2.69,-2.0,-0.026,4.94
2026-04-27,1.269,1.28,1.285,1.26,2787236,355223202.218,1.96,0.39,0.005,4.01
2026-04-28,1.281,1.288,1.305,1.281,2812590,363990420.542,1.88,0.63,0.008,4.04
2026-04-29,1.288,1.316,1.318,1.287,3871507,508107049.578,2.41,2.17,0.028,5.56
2026-04-30,1.308,1.294,1.31,1.291,3469619,450170414.746,1.44,-1.67,-0.022,4.99
2026-05-06,1.297,1.314,1.323,1.297,3558796,466624933.965,2.01,1.55,0.02,5.12
2026-05-07,1.317,1.338,1.339,1.304,4411898,582822848.263,2.66,1.83,0.024,6.34
2026-05-08,1.333,1.353,1.373,1.333,6703716,911472241.612,2.99,1.12,0.015,9.64
2026-05-11,1.351,1.332,1.353,1.322,5702254,758781639.976,2.29,-1.55,-0.021,8.2
2026-05-12,1.335,1.309,1.335,1.304,4274953,562189482.774,2.33,-1.73,-0.023,6.14
2026-05-13,1.3,1.324,1.329,1.299,3223129,424329892.877,2.29,1.15,0.015,4.63
2026-05-14,1.333,1.281,1.348,1.281,4157908,542863163.717,5.06,-3.25,-0.043,5.98
2026-05-15,1.28,1.274,1.3,1.263,3759341,481035435.582,2.89,-0.55,-0.007,5.4
2026-05-18,1.258,1.25,1.264,1.244,3644674,456429639.556,1.57,-1.88,-0.024,5.24
2026-05-19,1.255,1.273,1.278,1.246,3310020,419354887.398,2.56,1.84,0.023,4.76
2026-05-20,1.264,1.248,1.265,1.24,2838262,354088778.0,1.96,-1.96,-0.025,4.08
2026-05-21,1.25,1.214,1.264,1.212,3375260,419320099.402,4.17,-2.72,-0.034,4.85
2026-05-22,1.217,1.213,1.223,1.202,3149818,381357733.721,1.73,-0.08,-0.001,4.53
2026-05-25,1.216,1.183,1.217,1.17,5899654,698713714.899,3.87,-2.47,-0.03,8.48
2026-05-26,1.178,1.18,1.188,1.163,3103426,365190149.517,2.11,-0.25,-0.003,4.46
2026-05-27,1.179,1.165,1.198,1.157,3883723,456834735.658,3.47,-1.27,-0.015,5.58
2026-05-28,1.159,1.157,1.164,1.133,3875470,445831293.846,2.66,-0.69,-0.008,5.57
2026-05-29,1.159,1.14,1.168,1.135,3068846,352809680.366,2.85,-1.47,-0.017,4.41
2026-06-01,1.142,1.164,1.177,1.137,3465649,402806630.859,3.51,2.11,0.024,4.98
2026-06-02,1.166,1.133,1.167,1.124,3938744,446755196.666,3.69,-2.66,-0.031,5.66
2026-06-03,1.128,1.124,1.142,1.116,2943123,332238586.72,2.29,-0.79,-0.009,4.23
2026-06-04,1.12,1.11,1.126,1.1,2480911,276090723.382,2.31,-1.25,-0.014,3.57
2026-06-05,1.111,1.122,1.139,1.11,3717082,419256868.545,2.61,1.08,0.012,5.34
2026-06-08,1.103,1.096,1.13,1.081,3866275,426785274.7,4.37,-2.32,-0.026,5.56
2026-06-09,1.105,1.107,1.114,1.095,2610390,288163468.208,1.73,1.0,0.011,3.75
2026-06-10,1.096,1.091,1.106,1.083,2619030,286229271.845,2.08,-1.45,-0.016,3.76
2026-06-11,1.089,1.049,1.089,1.045,5044599,531744014.93,4.03,-3.85,-0.042,7.25
2026-06-12,1.059,1.063,1.083,1.049,4629794,493370737.765,3.24,1.33,0.014,6.65
