open,high,low,close,volume,thscode,time,thsname_cn,thsname_en,currency
1.064,1.065,1.044,1.047,209483000,513160.SH,2025-05-30,NA,NA,CNY
1.046,1.054,1.043,1.045,169725500,513160.SH,2025-06-03,NA,NA,CNY
1.045,1.057,1.045,1.052,237503800,513160.SH,2025-06-04,NA,NA,CNY
1.061,1.08,1.06,1.079,397002200,513160.SH,2025-06-05,NA,NA,CNY
1.08,1.084,1.073,1.081,291040800,513160.SH,2025-06-06,NA,NA,CNY
1.087,1.114,1.087,1.109,358851000,513160.SH,2025-06-09,NA,NA,CNY
1.115,1.116,1.089,1.098,300142000,513160.SH,2025-06-10,NA,NA,CNY
1.103,1.12,1.103,1.117,319546500,513160.SH,2025-06-11,NA,NA,CNY
1.103,1.11,1.097,1.099,260594200,513160.SH,2025-06-12,NA,NA,CNY
1.089,1.094,1.071,1.072,218637700,513160.SH,2025-06-13,NA,NA,CNY
1.07,1.095,1.07,1.093,236058800,513160.SH,2025-06-16,NA,NA,CNY
1.097,1.106,1.093,1.097,228537900,513160.SH,2025-06-17,NA,NA,CNY
1.09,1.093,1.077,1.084,166666300,513160.SH,2025-06-18,NA,NA,CNY
1.079,1.086,1.056,1.06,192892300,513160.SH,2025-06-19,NA,NA,CNY
1.065,1.074,1.064,1.066,235515000,513160.SH,2025-06-20,NA,NA,CNY
1.061,1.084,1.057,1.084,220701900,513160.SH,2025-06-23,NA,NA,CNY
1.095,1.111,1.091,1.108,261343100,513160.SH,2025-06-24,NA,NA,CNY
1.111,1.122,1.109,1.122,258813900,513160.SH,2025-06-25,NA,NA,CNY
1.115,1.129,1.109,1.116,244519500,513160.SH,2025-06-26,NA,NA,CNY
1.133,1.139,1.124,1.129,308179472,513160.SH,2025-06-27,NA,NA,CNY
1.129,1.141,1.128,1.134,315772800,513160.SH,2025-06-30,NA,NA,CNY
1.129,1.133,1.129,1.131,65374500,513160.SH,2025-07-01,NA,NA,CNY
1.136,1.138,1.11,1.112,258129600,513160.SH,2025-07-02,NA,NA,CNY
1.113,1.116,1.094,1.107,386400171,513160.SH,2025-07-03,NA,NA,CNY
1.1,1.121,1.085,1.102,397702399,513160.SH,2025-07-04,NA,NA,CNY
1.098,1.103,1.092,1.099,174333700,513160.SH,2025-07-07,NA,NA,CNY
1.106,1.13,1.105,1.127,449576600,513160.SH,2025-07-08,NA,NA,CNY
1.126,1.129,1.109,1.114,296524300,513160.SH,2025-07-09,NA,NA,CNY
1.112,1.12,1.109,1.118,292566400,513160.SH,2025-07-10,NA,NA,CNY
1.117,1.138,1.116,1.127,444642500,513160.SH,2025-07-11,NA,NA,CNY
1.122,1.133,1.121,1.13,248634100,513160.SH,2025-07-14,NA,NA,CNY
1.136,1.16,1.13,1.158,748965800,513160.SH,2025-07-15,NA,NA,CNY
1.175,1.191,1.164,1.171,633178000,513160.SH,2025-07-16,NA,NA,CNY
1.164,1.176,1.161,1.174,401175400,513160.SH,2025-07-17,NA,NA,CNY
1.188,1.195,1.178,1.186,381158300,513160.SH,2025-07-18,NA,NA,CNY
1.202,1.203,1.189,1.197,331021300,513160.SH,2025-07-21,NA,NA,CNY
1.198,1.202,1.189,1.192,283565200,513160.SH,2025-07-22,NA,NA,CNY
1.2,1.229,1.195,1.22,415089500,513160.SH,2025-07-23,NA,NA,CNY
1.221,1.243,1.219,1.234,385293900,513160.SH,2025-07-24,NA,NA,CNY
1.228,1.23,1.212,1.221,320286700,513160.SH,2025-07-25,NA,NA,CNY
1.23,1.231,1.216,1.222,333502800,513160.SH,2025-07-28,NA,NA,CNY
1.218,1.218,1.199,1.214,311082600,513160.SH,2025-07-29,NA,NA,CNY
1.21,1.218,1.192,1.199,399085199,513160.SH,2025-07-30,NA,NA,CNY
1.195,1.229,1.194,1.212,528681063,513160.SH,2025-07-31,NA,NA,CNY
1.216,1.225,1.195,1.203,389535400,513160.SH,2025-08-01,NA,NA,CNY
1.195,1.222,1.184,1.221,358135700,513160.SH,2025-08-04,NA,NA,CNY
1.224,1.235,1.223,1.232,427898800,513160.SH,2025-08-05,NA,NA,CNY
1.233,1.247,1.227,1.245,387502400,513160.SH,2025-08-06,NA,NA,CNY
1.249,1.258,1.236,1.251,384846700,513160.SH,2025-08-07,NA,NA,CNY
1.242,1.244,1.22,1.22,333344700,513160.SH,2025-08-08,NA,NA,CNY
1.226,1.23,1.213,1.223,283274400,513160.SH,2025-08-11,NA,NA,CNY
1.222,1.227,1.21,1.214,460449300,513160.SH,2025-08-12,NA,NA,CNY
1.227,1.252,1.227,1.251,493074500,513160.SH,2025-08-13,NA,NA,CNY
1.265,1.273,1.245,1.249,550910720,513160.SH,2025-08-14,NA,NA,CNY
1.242,1.252,1.238,1.251,475813800,513160.SH,2025-08-15,NA,NA,CNY
1.259,1.274,1.251,1.268,482533800,513160.SH,2025-08-18,NA,NA,CNY
1.266,1.268,1.249,1.255,356884090,513160.SH,2025-08-19,NA,NA,CNY
1.244,1.258,1.231,1.258,577228150,513160.SH,2025-08-20,NA,NA,CNY
1.258,1.258,1.232,1.234,401952600,513160.SH,2025-08-21,NA,NA,CNY
1.244,1.273,1.238,1.271,657017585,513160.SH,2025-08-22,NA,NA,CNY
1.303,1.316,1.291,1.311,662157854,513160.SH,2025-08-25,NA,NA,CNY
1.298,1.31,1.292,1.294,468141600,513160.SH,2025-08-26,NA,NA,CNY
1.3,1.319,1.279,1.283,734746889,513160.SH,2025-08-27,NA,NA,CNY
1.279,1.294,1.26,1.291,607041400,513160.SH,2025-08-28,NA,NA,CNY
1.297,1.304,1.269,1.281,645976968,513160.SH,2025-08-29,NA,NA,CNY
1.316,1.323,1.289,1.297,620656180,513160.SH,2025-09-01,NA,NA,CNY
1.3,1.3,1.266,1.273,462432200,513160.SH,2025-09-02,NA,NA,CNY
1.28,1.284,1.261,1.263,404247380,513160.SH,2025-09-03,NA,NA,CNY
1.271,1.276,1.22,1.228,516896800,513160.SH,2025-09-04,NA,NA,CNY
1.232,1.266,1.23,1.263,476751800,513160.SH,2025-09-05,NA,NA,CNY
1.266,1.27,1.255,1.269,362282900,513160.SH,2025-09-08,NA,NA,CNY
1.269,1.28,1.257,1.268,393929000,513160.SH,2025-09-09,NA,NA,CNY
1.276,1.301,1.276,1.289,409011800,513160.SH,2025-09-10,NA,NA,CNY
1.278,1.304,1.267,1.303,496487300,513160.SH,2025-09-11,NA,NA,CNY
1.318,1.329,1.314,1.318,445698708,513160.SH,2025-09-12,NA,NA,CNY
1.316,1.336,1.315,1.321,360401800,513160.SH,2025-09-15,NA,NA,CNY
1.328,1.343,1.316,1.333,439113000,513160.SH,2025-09-16,NA,NA,CNY
1.338,1.39,1.338,1.388,666785722,513160.SH,2025-09-17,NA,NA,CNY
1.4,1.435,1.35,1.372,1425531550,513160.SH,2025-09-18,NA,NA,CNY
1.382,1.399,1.364,1.371,786969700,513160.SH,2025-09-19,NA,NA,CNY
1.365,1.387,1.365,1.387,575725000,513160.SH,2025-09-22,NA,NA,CNY
1.389,1.396,1.345,1.364,525317300,513160.SH,2025-09-23,NA,NA,CNY
1.352,1.411,1.352,1.41,834292400,513160.SH,2025-09-24,NA,NA,CNY
1.41,1.442,1.407,1.424,901031900,513160.SH,2025-09-25,NA,NA,CNY
1.409,1.423,1.391,1.391,689033900,513160.SH,2025-09-26,NA,NA,CNY
1.391,1.41,1.385,1.409,910923100,513160.SH,2025-09-29,NA,NA,CNY
1.415,1.446,1.413,1.445,815225726,513160.SH,2025-09-30,NA,NA,CNY
1.458,1.5,1.446,1.454,1175571875,513160.SH,2025-10-09,NA,NA,CNY
1.438,1.444,1.393,1.398,596280207,513160.SH,2025-10-10,NA,NA,CNY
1.349,1.393,1.34,1.371,1047498696,513160.SH,2025-10-13,NA,NA,CNY
1.391,1.398,1.313,1.318,1140609746,513160.SH,2025-10-14,NA,NA,CNY
1.335,1.35,1.315,1.349,893635210,513160.SH,2025-10-15,NA,NA,CNY
1.347,1.354,1.324,1.332,579522301,513160.SH,2025-10-16,NA,NA,CNY
1.329,1.333,1.275,1.276,667257797,513160.SH,2025-10-17,NA,NA,CNY
1.311,1.318,1.298,1.305,655544083,513160.SH,2025-10-20,NA,NA,CNY
1.33,1.359,1.326,1.346,791354271,513160.SH,2025-10-21,NA,NA,CNY
1.327,1.334,1.31,1.319,594293300,513160.SH,2025-10-22,NA,NA,CNY
1.31,1.335,1.293,1.329,745761421,513160.SH,2025-10-23,NA,NA,CNY
1.348,1.359,1.341,1.351,785984000,513160.SH,2025-10-24,NA,NA,CNY
1.382,1.394,1.369,1.391,756980380,513160.SH,2025-10-27,NA,NA,CNY
1.389,1.399,1.365,1.368,700650218,513160.SH,2025-10-28,NA,NA,CNY
1.369,1.383,1.367,1.382,234835600,513160.SH,2025-10-29,NA,NA,CNY
1.382,1.385,1.343,1.345,765153950,513160.SH,2025-10-30,NA,NA,CNY
1.349,1.353,1.322,1.325,615567300,513160.SH,2025-10-31,NA,NA,CNY
1.324,1.332,1.306,1.326,611143800,513160.SH,2025-11-03,NA,NA,CNY
1.32,1.333,1.29,1.299,545882100,513160.SH,2025-11-04,NA,NA,CNY
1.271,1.297,1.26,1.288,666160050,513160.SH,2025-11-05,NA,NA,CNY
1.297,1.319,1.293,1.318,538281983,513160.SH,2025-11-06,NA,NA,CNY
1.306,1.306,1.288,1.29,467264495,513160.SH,2025-11-07,NA,NA,CNY
1.298,1.306,1.286,1.302,478110036,513160.SH,2025-11-10,NA,NA,CNY
1.309,1.312,1.282,1.288,443392630,513160.SH,2025-11-11,NA,NA,CNY
1.289,1.3,1.279,1.291,521773924,513160.SH,2025-11-12,NA,NA,CNY
1.282,1.31,1.276,1.305,532401348,513160.SH,2025-11-13,NA,NA,CNY
1.28,1.291,1.271,1.273,469241626,513160.SH,2025-11-14,NA,NA,CNY
1.265,1.284,1.25,1.252,530645800,513160.SH,2025-11-17,NA,NA,CNY
1.246,1.264,1.234,1.235,479833069,513160.SH,2025-11-18,NA,NA,CNY
1.245,1.248,1.223,1.228,424013500,513160.SH,2025-11-19,NA,NA,CNY
1.246,1.251,1.213,1.216,476291100,513160.SH,2025-11-20,NA,NA,CNY
1.194,1.208,1.178,1.198,786226653,513160.SH,2025-11-21,NA,NA,CNY
1.203,1.224,1.184,1.216,674607085,513160.SH,2025-11-24,NA,NA,CNY
1.237,1.252,1.221,1.223,606262141,513160.SH,2025-11-25,NA,NA,CNY
1.232,1.243,1.228,1.232,451385800,513160.SH,2025-11-26,NA,NA,CNY
1.23,1.25,1.221,1.223,764366275,513160.SH,2025-11-27,NA,NA,CNY
1.228,1.232,1.22,1.226,343269661,513160.SH,2025-11-28,NA,NA,CNY
1.223,1.236,1.218,1.232,422480200,513160.SH,2025-12-01,NA,NA,CNY
1.238,1.241,1.221,1.223,316126581,513160.SH,2025-12-02,NA,NA,CNY
1.219,1.225,1.204,1.204,309779742,513160.SH,2025-12-03,NA,NA,CNY
1.208,1.231,1.202,1.231,563041200,513160.SH,2025-12-04,NA,NA,CNY
1.226,1.24,1.218,1.24,615550352,513160.SH,2025-12-05,NA,NA,CNY
1.243,1.252,1.238,1.242,443302678,513160.SH,2025-12-08,NA,NA,CNY
1.236,1.241,1.213,1.217,429898923,513160.SH,2025-12-09,NA,NA,CNY
1.215,1.231,1.204,1.23,511328700,513160.SH,2025-12-10,NA,NA,CNY
1.237,1.238,1.21,1.214,511177252,513160.SH,2025-12-11,NA,NA,CNY
1.221,1.238,1.211,1.235,435471033,513160.SH,2025-12-12,NA,NA,CNY
1.22,1.221,1.198,1.2,417947000,513160.SH,2025-12-15,NA,NA,CNY
1.192,1.197,1.165,1.174,438940468,513160.SH,2025-12-16,NA,NA,CNY
1.172,1.194,1.172,1.19,559107000,513160.SH,2025-12-17,NA,NA,CNY
1.176,1.184,1.169,1.17,305015707,513160.SH,2025-12-18,NA,NA,CNY
1.183,1.197,1.18,1.193,378736389,513160.SH,2025-12-19,NA,NA,CNY
1.201,1.212,1.2,1.202,363154423,513160.SH,2025-12-22,NA,NA,CNY
1.203,1.204,1.188,1.192,221911600,513160.SH,2025-12-23,NA,NA,CNY
1.193,1.205,1.193,1.194,195701000,513160.SH,2025-12-24,NA,NA,CNY
1.194,1.196,1.191,1.195,60389002,513160.SH,2025-12-25,NA,NA,CNY
1.195,1.203,1.193,1.202,100746517,513160.SH,2025-12-26,NA,NA,CNY
1.2,1.213,1.187,1.188,373435317,513160.SH,2025-12-29,NA,NA,CNY
1.187,1.208,1.185,1.208,341741792,513160.SH,2025-12-30,NA,NA,CNY
1.2,1.203,1.187,1.189,191170811,513160.SH,2025-12-31,NA,NA,CNY
1.226,1.257,1.222,1.249,588920300,513160.SH,2026-01-05,NA,NA,CNY
1.256,1.274,1.255,1.263,560331800,513160.SH,2026-01-06,NA,NA,CNY
1.259,1.259,1.231,1.238,553563100,513160.SH,2026-01-07,NA,NA,CNY
1.236,1.243,1.217,1.226,351541801,513160.SH,2026-01-08,NA,NA,CNY
1.236,1.246,1.229,1.238,419945700,513160.SH,2026-01-09,NA,NA,CNY
1.246,1.28,1.245,1.279,509834794,513160.SH,2026-01-12,NA,NA,CNY
1.31,1.315,1.265,1.267,561547300,513160.SH,2026-01-13,NA,NA,CNY
1.277,1.302,1.273,1.291,733067799,513160.SH,2026-01-14,NA,NA,CNY
1.284,1.299,1.273,1.283,433945817,513160.SH,2026-01-15,NA,NA,CNY
1.296,1.302,1.278,1.281,454909600,513160.SH,2026-01-16,NA,NA,CNY
1.27,1.271,1.253,1.256,344147700,513160.SH,2026-01-19,NA,NA,CNY
1.258,1.26,1.233,1.24,363436997,513160.SH,2026-01-20,NA,NA,CNY
1.227,1.251,1.225,1.25,415960700,513160.SH,2026-01-21,NA,NA,CNY
1.262,1.269,1.247,1.252,320089600,513160.SH,2026-01-22,NA,NA,CNY
1.267,1.27,1.259,1.269,357960389,513160.SH,2026-01-23,NA,NA,CNY
1.267,1.269,1.246,1.254,377719000,513160.SH,2026-01-26,NA,NA,CNY
1.254,1.269,1.242,1.268,248934011,513160.SH,2026-01-27,NA,NA,CNY
1.269,1.302,1.269,1.301,346814300,513160.SH,2026-01-28,NA,NA,CNY
1.293,1.305,1.281,1.283,376250230,513160.SH,2026-01-29,NA,NA,CNY
1.272,1.275,1.253,1.26,301520900,513160.SH,2026-01-30,NA,NA,CNY
1.246,1.247,1.205,1.208,457474200,513160.SH,2026-02-02,NA,NA,CNY
1.222,1.23,1.173,1.206,627621325,513160.SH,2026-02-03,NA,NA,CNY
1.19,1.19,1.16,1.179,647848190,513160.SH,2026-02-04,NA,NA,CNY
1.156,1.172,1.144,1.172,635812600,513160.SH,2026-02-05,NA,NA,CNY
1.15,1.173,1.148,1.162,431109497,513160.SH,2026-02-06,NA,NA,CNY
1.182,1.188,1.168,1.182,426673613,513160.SH,2026-02-09,NA,NA,CNY
1.182,1.193,1.175,1.179,372909514,513160.SH,2026-02-10,NA,NA,CNY
1.173,1.185,1.173,1.182,272268600,513160.SH,2026-02-11,NA,NA,CNY
1.174,1.178,1.161,1.166,330773408,513160.SH,2026-02-12,NA,NA,CNY
1.149,1.164,1.148,1.163,330055576,513160.SH,2026-02-13,NA,NA,CNY
1.155,1.155,1.125,1.127,405749726,513160.SH,2026-02-24,NA,NA,CNY
1.136,1.136,1.125,1.127,293769800,513160.SH,2026-02-25,NA,NA,CNY
1.13,1.134,1.093,1.097,515031546,513160.SH,2026-02-26,NA,NA,CNY
1.091,1.107,1.088,1.099,347440400,513160.SH,2026-02-27,NA,NA,CNY
1.073,1.076,1.051,1.055,587801798,513160.SH,2026-03-02,NA,NA,CNY
1.06,1.062,1.022,1.027,744423383,513160.SH,2026-03-03,NA,NA,CNY
1.017,1.037,1.008,1.013,685332771,513160.SH,2026-03-04,NA,NA,CNY
1.032,1.039,1.013,1.022,475778000,513160.SH,2026-03-05,NA,NA,CNY
1.019,1.049,1.014,1.045,440753400,513160.SH,2026-03-06,NA,NA,CNY
1.003,1.036,1.003,1.028,811305396,513160.SH,2026-03-09,NA,NA,CNY
1.047,1.062,1.041,1.058,486960692,513160.SH,2026-03-10,NA,NA,CNY
1.068,1.07,1.049,1.051,343361600,513160.SH,2026-03-11,NA,NA,CNY
1.043,1.059,1.03,1.04,514793500,513160.SH,2026-03-12,NA,NA,CNY
1.033,1.043,1.026,1.029,454496700,513160.SH,2026-03-13,NA,NA,CNY
1.032,1.062,1.021,1.062,492399000,513160.SH,2026-03-16,NA,NA,CNY
1.065,1.079,1.051,1.052,458584400,513160.SH,2026-03-17,NA,NA,CNY
1.058,1.064,1.044,1.061,411293501,513160.SH,2026-03-18,NA,NA,CNY
1.042,1.051,1.032,1.033,380890300,513160.SH,2026-03-19,NA,NA,CNY
1.033,1.033,0.997,0.997,450590434,513160.SH,2026-03-20,NA,NA,CNY
0.98,0.986,0.947,0.95,735568813,513160.SH,2026-03-23,NA,NA,CNY
0.969,0.981,0.959,0.98,575722462,513160.SH,2026-03-24,NA,NA,CNY
0.99,1.016,0.981,1.001,746260375,513160.SH,2026-03-25,NA,NA,CNY
0.997,1.003,0.972,0.974,414784300,513160.SH,2026-03-26,NA,NA,CNY
0.962,0.984,0.961,0.975,596431105,513160.SH,2026-03-27,NA,NA,CNY
0.951,0.96,0.937,0.952,534059800,513160.SH,2026-03-30,NA,NA,CNY
0.955,0.961,0.933,0.937,619502484,513160.SH,2026-03-31,NA,NA,CNY
0.962,0.969,0.952,0.967,516174500,513160.SH,2026-04-01,NA,NA,CNY
0.957,0.958,0.932,0.936,388372900,513160.SH,2026-04-02,NA,NA,CNY
0.94,0.943,0.932,0.933,108067068,513160.SH,2026-04-03,NA,NA,CNY
0.936,0.943,0.936,0.94,93787100,513160.SH,2026-04-07,NA,NA,CNY
0.967,1.005,0.967,1.001,670868148,513160.SH,2026-04-08,NA,NA,CNY
0.988,0.993,0.979,0.984,374029000,513160.SH,2026-04-09,NA,NA,CNY
0.992,1.008,0.987,0.988,568084934,513160.SH,2026-04-10,NA,NA,CNY
0.979,0.98,0.969,0.974,298148600,513160.SH,2026-04-13,NA,NA,CNY
0.992,0.994,0.973,0.983,306191242,513160.SH,2026-04-14,NA,NA,CNY
0.998,1.005,0.99,0.992,302848401,513160.SH,2026-04-15,NA,NA,CNY
1.001,1.023,1.0,1.022,318747159,513160.SH,2026-04-16,NA,NA,CNY
1.017,1.021,1.008,1.014,199187900,513160.SH,2026-04-17,NA,NA,CNY
1.017,1.034,1.014,1.026,345219553,513160.SH,2026-04-20,NA,NA,CNY
1.028,1.029,1.014,1.021,218167500,513160.SH,2026-04-21,NA,NA,CNY
1.015,1.016,1.004,1.01,217315700,513160.SH,2026-04-22,NA,NA,CNY
1.011,1.011,0.99,0.992,246167100,513160.SH,2026-04-23,NA,NA,CNY
0.986,1.013,0.979,1.008,325783785,513160.SH,2026-04-24,NA,NA,CNY
1.013,1.022,1.007,1.016,296100000,513160.SH,2026-04-27,NA,NA,CNY
1.01,1.011,0.985,0.989,314521600,513160.SH,2026-04-28,NA,NA,CNY
0.993,1.0,0.988,0.996,241388800,513160.SH,2026-04-29,NA,NA,CNY
0.992,1.002,0.98,0.998,385525300,513160.SH,2026-04-30,NA,NA,CNY
1.018,1.04,1.013,1.026,604332758,513160.SH,2026-05-06,NA,NA,CNY
1.045,1.064,1.04,1.062,474049731,513160.SH,2026-05-07,NA,NA,CNY
1.053,1.061,1.044,1.06,341701800,513160.SH,2026-05-08,NA,NA,CNY
1.058,1.063,1.047,1.057,356137165,513160.SH,2026-05-11,NA,NA,CNY
1.061,1.064,1.04,1.043,351645800,513160.SH,2026-05-12,NA,NA,CNY
1.038,1.055,1.027,1.048,518938400,513160.SH,2026-05-13,NA,NA,CNY
1.079,1.08,1.037,1.037,462387600,513160.SH,2026-05-14,NA,NA,CNY
1.037,1.041,1.004,1.008,502674730,513160.SH,2026-05-15,NA,NA,CNY
1.001,1.007,0.988,0.992,431594600,513160.SH,2026-05-18,NA,NA,CNY
0.99,1.003,0.987,1.002,471028100,513160.SH,2026-05-19,NA,NA,CNY
0.996,1.014,0.993,1.011,555990900,513160.SH,2026-05-20,NA,NA,CNY
1.021,1.025,0.985,0.985,780430356,513160.SH,2026-05-21,NA,NA,CNY
1.0,1.017,0.991,1.015,517710344,513160.SH,2026-05-22,NA,NA,CNY
1.005,1.024,1.004,1.022,245277700,513160.SH,2026-05-25,NA,NA,CNY
1.035,1.048,1.015,1.046,739228700,513160.SH,2026-05-26,NA,NA,CNY
1.043,1.052,1.021,1.025,398590800,513160.SH,2026-05-27,NA,NA,CNY
1.018,1.031,1.005,1.021,454727100,513160.SH,2026-05-28,NA,NA,CNY
1.032,1.044,1.02,1.025,639450500,513160.SH,2026-05-29,NA,NA,CNY
1.022,1.051,1.022,1.039,545190361,513160.SH,2026-06-01,NA,NA,CNY
1.044,1.093,1.044,1.088,1011378832,513160.SH,2026-06-02,NA,NA,CNY
1.085,1.088,1.06,1.067,446063900,513160.SH,2026-06-03,NA,NA,CNY
1.052,1.058,1.043,1.048,492434804,513160.SH,2026-06-04,NA,NA,CNY
1.041,1.043,1.024,1.031,471071911,513160.SH,2026-06-05,NA,NA,CNY
1.008,1.012,0.985,0.991,521773200,513160.SH,2026-06-08,NA,NA,CNY
0.995,1.017,0.992,1.013,506904100,513160.SH,2026-06-09,NA,NA,CNY
1.0,1.005,0.975,0.985,671518800,513160.SH,2026-06-10,NA,NA,CNY
0.98,0.987,0.955,0.964,461832800,513160.SH,2026-06-11,NA,NA,CNY
0.981,0.99,0.97,0.97,374714700,513160.SH,2026-06-12,NA,NA,CNY
